2026-08-13 10:58:39,433 [INFO] [MainThread] [root/log.py:104]: YASB v2.0.6
2026-08-13 10:58:39,434 [INFO] [CLIPipeServer] [cli_server/cli_server.py:216]: CLI server started v1.1.7
2026-08-13 10:58:39,434 [INFO] [MainThread] [cli_server/cli_server.py:106]: Log pipe server started
2026-08-13 10:59:33,871 [INFO] [MainThread] [root/welcome.py:867]: Created config file at C:\Users\Admin\.config\yasb\config.yaml
2026-08-13 10:59:33,871 [INFO] [MainThread] [root/welcome.py:876]: Created styles file at C:\Users\Admin\.config\yasb\styles.css
2026-08-13 10:59:34,270 [INFO] [MainThread] [root/api.py:62]: GitHubDataManager started...
2026-08-13 10:59:34,317 [INFO] [MainThread] [root/service.py:41]: AudioInputService starting...
2026-08-13 10:59:34,337 [INFO] [SystrayHook] [systray_hook/systray_hook.py:193]: Injecting into Explorer (PID: 1372)
2026-08-13 10:59:34,364 [INFO] [MainThread] [root/service.py:52]: AudioOutputService starting...
2026-08-13 10:59:34,474 [INFO] [MainThread] [root/bar_manager.py:238]: Starting HotkeyListener...
2026-08-13 10:59:34,474 [INFO] [MainThread] [root/bar_manager.py:103]: Starting SystemEventListener...
2026-08-13 10:59:34,474 [INFO] [MainThread] [root/bar_manager.py:103]: Starting WindowsNotificationEventListener...
2026-08-13 10:59:34,475 [INFO] [MainThread] [root/bar_manager.py:103]: Starting KomorebiEventListener...
2026-08-13 10:59:34,476 [INFO] [Dummy-10] [root/event_listener.py:54]: Created named pipe yasb-bde45ee8-9740-11f1-8cbe-aaa74dfcbd7f
2026-08-13 10:59:34,477 [INFO] [MainThread] [root/watcher.py:65]: Watching directory: c:\users\admin\.config\yasb
2026-08-13 10:59:34,477 [INFO] [MainThread] [root/watcher.py:104]: Created file watcher
2026-08-13 10:59:34,494 [INFO] [MainThread] [root/update_service.py:434]: Background update checker started
2026-08-13 10:59:34,516 [WARNING] [Dummy-10] [root/event_listener.py:136]: Komorebi failed to subscribe named pipe. 'komorebic.exe' is not recognized as an internal or external command, operable program or batch file.
2026-08-13 10:59:34,517 [INFO] [Dummy-13] [root/windows_notification.py:161]: Notification service started (WNF_SHEL_NOTIFICATION_TOTAL)
2026-08-13 10:59:34,561 [INFO] [MainThread] [root/open_meteo.py:133]: No saved location for open_meteo. Awaiting user setup.
2026-08-13 11:00:28,523 [INFO] [CLIPipeServer] [cli_server/cli_server.py:257]: CLI server received command: stop
2026-08-13 11:00:28,523 [INFO] [CLIPipeServer] [root/controller.py:43]: Exiting Application from CLI...
2026-08-13 11:00:28,632 [INFO] [CLIPipeServer] [cli_server/cli_server.py:114]: Log pipe server stopped
2026-08-13 11:00:28,649 [INFO] [MainThread] [root/bar_manager.py:111]: Stopping HotkeyListener...
2026-08-13 11:00:28,651 [INFO] [MainThread] [root/bar_manager.py:119]: Stopping SystemEventListener...
2026-08-13 11:00:28,653 [INFO] [MainThread] [root/bar_manager.py:119]: Stopping WindowsNotificationEventListener...
2026-08-13 11:00:28,653 [INFO] [Dummy-13] [root/windows_notification.py:97]: Notification service stopped
2026-08-13 11:00:28,655 [INFO] [MainThread] [root/bar_manager.py:119]: Stopping KomorebiEventListener...
2026-08-13 11:00:30,093 [INFO] [MainThread] [root/log.py:104]: YASB v2.0.6
2026-08-13 11:00:30,094 [INFO] [CLIPipeServer] [cli_server/cli_server.py:216]: CLI server started v1.1.7
2026-08-13 11:00:30,095 [INFO] [MainThread] [cli_server/cli_server.py:106]: Log pipe server started
2026-08-13 11:00:30,138 [ERROR] [MainThread] [root/css_processor.py:43]: CSSProcessor Error 'C:\Users\Admin\.config\yasb\yasb_colors.css': [Errno 2] No such file or directory: 'C:\\Users\\Admin\\.config\\yasb\\yasb_colors.css'
2026-08-13 11:00:30,602 [INFO] [MainThread] [root/service.py:52]: AudioOutputService starting...
2026-08-13 11:00:30,717 [INFO] [MainThread] [root/bar_manager.py:238]: Starting HotkeyListener...
2026-08-13 11:00:30,717 [INFO] [MainThread] [root/bar_manager.py:103]: Starting KomorebiEventListener...
2026-08-13 11:00:30,717 [INFO] [MainThread] [root/bar_manager.py:103]: Starting WindowsNotificationEventListener...
2026-08-13 11:00:30,717 [INFO] [MainThread] [root/bar_manager.py:103]: Starting SystemEventListener...
2026-08-13 11:00:30,718 [INFO] [Dummy-8] [root/event_listener.py:54]: Created named pipe yasb-df6a29f9-9740-11f1-88cc-aaa74dfcbd7f
2026-08-13 11:00:30,720 [ERROR] [MainThread] [root/css_processor.py:43]: CSSProcessor Error 'c:\users\admin\.config\yasb\yasb_colors.css': [Errno 2] No such file or directory: 'c:\\users\\admin\\.config\\yasb\\yasb_colors.css'
2026-08-13 11:00:30,721 [INFO] [MainThread] [root/watcher.py:65]: Watching directory: c:\users\admin\.config\yasb
2026-08-13 11:00:30,722 [INFO] [MainThread] [root/watcher.py:104]: Created file watcher
2026-08-13 11:00:30,728 [INFO] [MainThread] [system_colors/system_colors.py:59]: System Colors Service started.
2026-08-13 11:00:30,738 [INFO] [Dummy-9] [root/windows_notification.py:161]: Notification service started (WNF_SHEL_NOTIFICATION_TOTAL)
2026-08-13 11:00:30,741 [INFO] [MainThread] [root/update_service.py:434]: Background update checker started
2026-08-13 11:00:30,757 [WARNING] [Dummy-8] [root/event_listener.py:136]: Komorebi failed to subscribe named pipe. 'komorebic.exe' is not recognized as an internal or external command, operable program or batch file.
2026-08-13 11:00:52,590 [INFO] [CLIPipeServer] [cli_server/cli_server.py:257]: CLI server received command: stop
2026-08-13 11:00:52,590 [INFO] [CLIPipeServer] [root/controller.py:43]: Exiting Application from CLI...
2026-08-13 11:00:52,700 [INFO] [CLIPipeServer] [cli_server/cli_server.py:114]: Log pipe server stopped
2026-08-13 11:00:52,715 [INFO] [MainThread] [root/bar_manager.py:111]: Stopping HotkeyListener...
2026-08-13 11:00:52,717 [INFO] [MainThread] [root/bar_manager.py:119]: Stopping KomorebiEventListener...
2026-08-13 11:00:52,719 [INFO] [MainThread] [root/bar_manager.py:119]: Stopping WindowsNotificationEventListener...
2026-08-13 11:00:52,719 [INFO] [Dummy-9] [root/windows_notification.py:97]: Notification service stopped
2026-08-13 11:00:52,721 [INFO] [MainThread] [root/bar_manager.py:119]: Stopping SystemEventListener...
2026-08-13 11:00:52,724 [INFO] [MainThread] [system_colors/system_colors.py:69]: System Colors Service stopped.
2026-08-13 11:00:54,099 [INFO] [MainThread] [root/log.py:104]: YASB v2.0.6
2026-08-13 11:00:54,099 [INFO] [CLIPipeServer] [cli_server/cli_server.py:216]: CLI server started v1.1.7
2026-08-13 11:00:54,100 [INFO] [MainThread] [cli_server/cli_server.py:106]: Log pipe server started
2026-08-13 11:00:54,324 [INFO] [MainThread] [root/service.py:103]: UpdateCheckService initialized...
2026-08-13 11:00:54,405 [INFO] [MainThread] [root/service.py:52]: AudioOutputService starting...
2026-08-13 11:00:54,604 [INFO] [MainThread] [root/bar_manager.py:103]: Starting KomorebiEventListener...
2026-08-13 11:00:54,604 [INFO] [MainThread] [root/bar_manager.py:103]: Starting SystemEventListener...
2026-08-13 11:00:54,605 [INFO] [MainThread] [root/watcher.py:65]: Watching directory: c:\users\admin\.config\yasb
2026-08-13 11:00:54,605 [INFO] [MainThread] [root/watcher.py:104]: Created file watcher
2026-08-13 11:00:54,605 [INFO] [Dummy-6] [root/event_listener.py:54]: Created named pipe yasb-eda70349-9740-11f1-bb4e-aaa74dfcbd7f
2026-08-13 11:00:54,617 [INFO] [MainThread] [root/update_service.py:434]: Background update checker started
2026-08-13 11:00:54,652 [WARNING] [Dummy-6] [root/event_listener.py:136]: Komorebi failed to subscribe named pipe. 'komorebic.exe' is not recognized as an internal or external command, operable program or batch file.
2026-08-13 11:00:54,887 [INFO] [MainThread] [root/api.py:69]: Fetching new weather data at 2026-08-13 11:00:54.887487
2026-08-13 11:01:47,983 [INFO] [CLIPipeServer] [cli_server/cli_server.py:257]: CLI server received command: stop
2026-08-13 11:01:47,983 [INFO] [CLIPipeServer] [root/controller.py:43]: Exiting Application from CLI...
2026-08-13 11:01:48,095 [INFO] [CLIPipeServer] [cli_server/cli_server.py:114]: Log pipe server stopped
2026-08-13 11:01:48,109 [INFO] [MainThread] [root/bar_manager.py:119]: Stopping KomorebiEventListener...
2026-08-13 11:01:48,111 [INFO] [MainThread] [root/bar_manager.py:119]: Stopping SystemEventListener...
2026-08-13 11:01:49,510 [INFO] [MainThread] [root/log.py:104]: YASB v2.0.6
2026-08-13 11:01:49,511 [INFO] [CLIPipeServer] [cli_server/cli_server.py:216]: CLI server started v1.1.7
2026-08-13 11:01:49,512 [INFO] [MainThread] [cli_server/cli_server.py:106]: Log pipe server started
2026-08-13 11:01:49,951 [INFO] [MainThread] [root/service.py:52]: AudioOutputService starting...
2026-08-13 11:01:50,029 [INFO] [MainThread] [root/bar_manager.py:103]: Starting WindowsNotificationEventListener...
2026-08-13 11:01:50,029 [INFO] [MainThread] [root/bar_manager.py:103]: Starting SystemEventListener...
2026-08-13 11:01:50,030 [INFO] [MainThread] [root/watcher.py:65]: Watching directory: c:\users\admin\.config\yasb
2026-08-13 11:01:50,030 [INFO] [MainThread] [root/watcher.py:104]: Created file watcher
2026-08-13 11:01:50,045 [INFO] [MainThread] [root/update_service.py:434]: Background update checker started
2026-08-13 11:01:50,049 [INFO] [Dummy-7] [root/windows_notification.py:161]: Notification service started (WNF_SHEL_NOTIFICATION_TOTAL)
2026-08-13 11:01:58,213 [WARNING] [MainThread] [glazewm_client/client.py:134]: WebSocket error: SocketError.ConnectionRefusedError. Reconnecting...
2026-08-13 11:03:00,291 [INFO] [CLIPipeServer] [cli_server/cli_server.py:257]: CLI server received command: stop
2026-08-13 11:03:00,291 [INFO] [CLIPipeServer] [root/controller.py:43]: Exiting Application from CLI...
2026-08-13 11:03:00,403 [INFO] [CLIPipeServer] [cli_server/cli_server.py:114]: Log pipe server stopped
2026-08-13 11:03:00,429 [INFO] [MainThread] [root/bar_manager.py:119]: Stopping WindowsNotificationEventListener...
2026-08-13 11:03:00,429 [INFO] [Dummy-7] [root/windows_notification.py:97]: Notification service stopped
2026-08-13 11:03:00,431 [INFO] [MainThread] [root/bar_manager.py:119]: Stopping SystemEventListener...
2026-08-13 11:03:01,839 [INFO] [MainThread] [root/log.py:104]: YASB v2.0.6
2026-08-13 11:03:01,840 [INFO] [CLIPipeServer] [cli_server/cli_server.py:216]: CLI server started v1.1.7
2026-08-13 11:03:01,840 [INFO] [MainThread] [cli_server/cli_server.py:106]: Log pipe server started
2026-08-13 11:03:02,171 [ERROR] [MainThread] [root/weather.py:40]: API key or location is missing. Please provide a valid API key and location.
2026-08-13 11:03:02,282 [INFO] [MainThread] [root/service.py:52]: AudioOutputService starting...
2026-08-13 11:03:02,368 [INFO] [MainThread] [root/bar_manager.py:103]: Starting WindowsNotificationEventListener...
2026-08-13 11:03:02,369 [INFO] [MainThread] [root/bar_manager.py:103]: Starting SystemEventListener...
2026-08-13 11:03:02,369 [INFO] [MainThread] [root/bar_manager.py:103]: Starting KomorebiEventListener...
2026-08-13 11:03:02,370 [INFO] [MainThread] [root/watcher.py:65]: Watching directory: c:\users\admin\.config\yasb
2026-08-13 11:03:02,370 [INFO] [MainThread] [root/watcher.py:104]: Created file watcher
2026-08-13 11:03:02,371 [INFO] [Dummy-6] [root/event_listener.py:54]: Created named pipe yasb-39ce7a25-9741-11f1-b369-aaa74dfcbd7f
2026-08-13 11:03:02,381 [INFO] [MainThread] [root/update_service.py:434]: Background update checker started
2026-08-13 11:03:02,387 [INFO] [Dummy-9] [root/windows_notification.py:161]: Notification service started (WNF_SHEL_NOTIFICATION_TOTAL)
2026-08-13 11:03:02,408 [WARNING] [Dummy-6] [root/event_listener.py:136]: Komorebi failed to subscribe named pipe. 'komorebic.exe' is not recognized as an internal or external command, operable program or batch file.
2026-08-13 11:04:28,349 [INFO] [CLIPipeServer] [cli_server/cli_server.py:257]: CLI server received command: stop
2026-08-13 11:04:28,350 [INFO] [CLIPipeServer] [root/controller.py:43]: Exiting Application from CLI...
2026-08-13 11:04:28,463 [INFO] [CLIPipeServer] [cli_server/cli_server.py:114]: Log pipe server stopped
2026-08-13 11:04:28,477 [INFO] [MainThread] [root/bar_manager.py:119]: Stopping WindowsNotificationEventListener...
2026-08-13 11:04:28,478 [INFO] [Dummy-9] [root/windows_notification.py:97]: Notification service stopped
2026-08-13 11:04:28,480 [INFO] [MainThread] [root/bar_manager.py:119]: Stopping SystemEventListener...
2026-08-13 11:04:28,481 [INFO] [MainThread] [root/bar_manager.py:119]: Stopping KomorebiEventListener...
2026-08-13 11:04:29,236 [INFO] [MainThread] [root/log.py:104]: YASB v2.0.6
2026-08-13 11:04:29,237 [INFO] [CLIPipeServer] [cli_server/cli_server.py:216]: CLI server started v1.1.7
2026-08-13 11:04:29,237 [INFO] [MainThread] [cli_server/cli_server.py:106]: Log pipe server started
2026-08-13 11:04:29,745 [INFO] [MainThread] [root/service.py:52]: AudioOutputService starting...
2026-08-13 11:04:29,850 [INFO] [MainThread] [root/bar_manager.py:238]: Starting HotkeyListener...
2026-08-13 11:04:29,850 [INFO] [MainThread] [root/bar_manager.py:103]: Starting WindowsNotificationEventListener...
2026-08-13 11:04:29,850 [INFO] [MainThread] [root/bar_manager.py:103]: Starting KomorebiEventListener...
2026-08-13 11:04:29,851 [INFO] [MainThread] [root/bar_manager.py:103]: Starting SystemEventListener...
2026-08-13 11:04:29,852 [INFO] [Dummy-8] [root/event_listener.py:54]: Created named pipe yasb-6df30aff-9741-11f1-9e86-aaa74dfcbd7f
2026-08-13 11:04:29,853 [INFO] [MainThread] [root/watcher.py:65]: Watching directory: c:\users\admin\.config\yasb
2026-08-13 11:04:29,853 [INFO] [MainThread] [root/watcher.py:104]: Created file watcher
2026-08-13 11:04:29,862 [INFO] [MainThread] [system_colors/system_colors.py:59]: System Colors Service started.
2026-08-13 11:04:29,872 [INFO] [Dummy-11] [root/windows_notification.py:161]: Notification service started (WNF_SHEL_NOTIFICATION_TOTAL)
2026-08-13 11:04:29,875 [INFO] [MainThread] [root/update_service.py:434]: Background update checker started
2026-08-13 11:04:29,891 [WARNING] [Dummy-8] [root/event_listener.py:136]: Komorebi failed to subscribe named pipe. 'komorebic.exe' is not recognized as an internal or external command, operable program or batch file.
2026-08-13 11:05:01,427 [INFO] [CLIPipeServer] [cli_server/cli_server.py:257]: CLI server received command: stop
2026-08-13 11:05:01,427 [INFO] [CLIPipeServer] [root/controller.py:43]: Exiting Application from CLI...
2026-08-13 11:05:01,527 [INFO] [CLIPipeServer] [cli_server/cli_server.py:114]: Log pipe server stopped
2026-08-13 11:05:01,542 [INFO] [MainThread] [root/bar_manager.py:111]: Stopping HotkeyListener...
2026-08-13 11:05:01,544 [INFO] [MainThread] [root/bar_manager.py:119]: Stopping WindowsNotificationEventListener...
2026-08-13 11:05:01,545 [INFO] [Dummy-11] [root/windows_notification.py:97]: Notification service stopped
2026-08-13 11:05:01,546 [INFO] [MainThread] [root/bar_manager.py:119]: Stopping KomorebiEventListener...
2026-08-13 11:05:01,548 [INFO] [MainThread] [root/bar_manager.py:119]: Stopping SystemEventListener...
2026-08-13 11:05:01,550 [INFO] [MainThread] [system_colors/system_colors.py:69]: System Colors Service stopped.
2026-08-13 11:05:02,876 [INFO] [MainThread] [root/log.py:104]: YASB v2.0.6
2026-08-13 11:05:02,876 [INFO] [CLIPipeServer] [cli_server/cli_server.py:216]: CLI server started v1.1.7
2026-08-13 11:05:02,877 [INFO] [MainThread] [cli_server/cli_server.py:106]: Log pipe server started
2026-08-13 11:05:03,331 [INFO] [MainThread] [root/service.py:52]: AudioOutputService starting...
2026-08-13 11:05:03,407 [INFO] [MainThread] [root/bar_manager.py:103]: Starting SystemEventListener...
2026-08-13 11:05:03,407 [INFO] [MainThread] [root/bar_manager.py:103]: Starting KomorebiEventListener...
2026-08-13 11:05:03,408 [INFO] [Dummy-6] [root/event_listener.py:54]: Created named pipe yasb-81f363fb-9741-11f1-80a7-aaa74dfcbd7f
2026-08-13 11:05:03,408 [INFO] [MainThread] [root/watcher.py:65]: Watching directory: c:\users\admin\.config\yasb
2026-08-13 11:05:03,409 [INFO] [MainThread] [root/watcher.py:104]: Created file watcher
2026-08-13 11:05:03,418 [INFO] [MainThread] [root/update_service.py:434]: Background update checker started
2026-08-13 11:05:03,445 [WARNING] [Dummy-6] [root/event_listener.py:136]: Komorebi failed to subscribe named pipe. 'komorebic.exe' is not recognized as an internal or external command, operable program or batch file.
2026-08-13 11:05:04,096 [INFO] [MainThread] [root/api.py:69]: Fetching new weather data at 2026-08-13 11:05:04.096604
2026-08-13 11:06:40,427 [INFO] [CLIPipeServer] [cli_server/cli_server.py:257]: CLI server received command: stop
2026-08-13 11:06:40,427 [INFO] [CLIPipeServer] [root/controller.py:43]: Exiting Application from CLI...
2026-08-13 11:06:40,541 [INFO] [CLIPipeServer] [cli_server/cli_server.py:114]: Log pipe server stopped
2026-08-13 11:06:40,558 [INFO] [MainThread] [root/bar_manager.py:119]: Stopping SystemEventListener...
2026-08-13 11:06:40,560 [INFO] [MainThread] [root/bar_manager.py:119]: Stopping KomorebiEventListener...
2026-08-13 11:06:41,946 [INFO] [MainThread] [root/log.py:104]: YASB v2.0.6
2026-08-13 11:06:41,947 [INFO] [CLIPipeServer] [cli_server/cli_server.py:216]: CLI server started v1.1.7
2026-08-13 11:06:41,947 [INFO] [MainThread] [cli_server/cli_server.py:106]: Log pipe server started
2026-08-13 11:06:42,462 [INFO] [MainThread] [root/service.py:52]: AudioOutputService starting...
2026-08-13 11:06:42,572 [INFO] [MainThread] [root/bar_manager.py:238]: Starting HotkeyListener...
2026-08-13 11:06:42,572 [INFO] [MainThread] [root/bar_manager.py:103]: Starting KomorebiEventListener...
2026-08-13 11:06:42,572 [INFO] [MainThread] [root/bar_manager.py:103]: Starting WindowsNotificationEventListener...
2026-08-13 11:06:42,573 [INFO] [MainThread] [root/bar_manager.py:103]: Starting SystemEventListener...
2026-08-13 11:06:42,573 [INFO] [Dummy-8] [root/event_listener.py:54]: Created named pipe yasb-bd0ec0cd-9741-11f1-80d0-aaa74dfcbd7f
2026-08-13 11:06:42,576 [INFO] [MainThread] [root/watcher.py:65]: Watching directory: c:\users\admin\.config\yasb
2026-08-13 11:06:42,576 [INFO] [MainThread] [root/watcher.py:104]: Created file watcher
2026-08-13 11:06:42,582 [INFO] [MainThread] [system_colors/system_colors.py:59]: System Colors Service started.
2026-08-13 11:06:42,583 [INFO] [Dummy-9] [root/windows_notification.py:161]: Notification service started (WNF_SHEL_NOTIFICATION_TOTAL)
2026-08-13 11:06:42,597 [INFO] [MainThread] [root/update_service.py:434]: Background update checker started
2026-08-13 11:06:42,612 [WARNING] [Dummy-8] [root/event_listener.py:136]: Komorebi failed to subscribe named pipe. 'komorebic.exe' is not recognized as an internal or external command, operable program or batch file.
2026-08-13 11:07:14,507 [INFO] [CLIPipeServer] [cli_server/cli_server.py:257]: CLI server received command: stop
2026-08-13 11:07:14,507 [INFO] [CLIPipeServer] [root/controller.py:43]: Exiting Application from CLI...
2026-08-13 11:07:14,620 [INFO] [CLIPipeServer] [cli_server/cli_server.py:114]: Log pipe server stopped
2026-08-13 11:07:16,060 [INFO] [MainThread] [root/log.py:104]: YASB v2.0.6
2026-08-13 11:07:16,060 [INFO] [CLIPipeServer] [cli_server/cli_server.py:216]: CLI server started v1.1.7
2026-08-13 11:07:16,061 [INFO] [MainThread] [cli_server/cli_server.py:106]: Log pipe server started
2026-08-13 11:07:16,061 [ERROR] [MainThread] [root/main.py:77]: Another instance of the YASB is already running.
2026-08-13 11:07:19,797 [INFO] [MainThread] [root/bar_manager.py:111]: Stopping HotkeyListener...
2026-08-13 11:07:19,800 [INFO] [MainThread] [root/bar_manager.py:119]: Stopping KomorebiEventListener...
2026-08-13 11:07:19,801 [INFO] [MainThread] [root/bar_manager.py:119]: Stopping WindowsNotificationEventListener...
2026-08-13 11:07:19,801 [INFO] [Dummy-9] [root/windows_notification.py:97]: Notification service stopped
2026-08-13 11:07:19,803 [INFO] [MainThread] [root/bar_manager.py:119]: Stopping SystemEventListener...
2026-08-13 11:07:19,806 [INFO] [MainThread] [system_colors/system_colors.py:69]: System Colors Service stopped.
2026-08-13 11:07:29,773 [INFO] [MainThread] [root/log.py:104]: YASB v2.0.6
2026-08-13 11:07:29,774 [INFO] [CLIPipeServer] [cli_server/cli_server.py:216]: CLI server started v1.1.7
2026-08-13 11:07:29,774 [INFO] [MainThread] [cli_server/cli_server.py:106]: Log pipe server started
2026-08-13 11:07:29,958 [INFO] [MainThread] [root/service.py:52]: AudioOutputService starting...
2026-08-13 11:07:30,285 [INFO] [MainThread] [taskbar_window_manager/window_manager.py:178]: TaskbarWindowManager is starting...
2026-08-13 11:07:30,287 [INFO] [MainThread] [root/bar_manager.py:103]: Starting SystemEventListener...
2026-08-13 11:07:30,288 [INFO] [MainThread] [root/bar_manager.py:103]: Starting KomorebiEventListener...
2026-08-13 11:07:30,289 [INFO] [MainThread] [root/watcher.py:65]: Watching directory: c:\users\admin\.config\yasb
2026-08-13 11:07:30,289 [INFO] [MainThread] [root/watcher.py:104]: Created file watcher
2026-08-13 11:07:30,289 [INFO] [Dummy-6] [root/event_listener.py:54]: Created named pipe yasb-d97f9adc-9741-11f1-a6e9-aaa74dfcbd7f
2026-08-13 11:07:30,305 [INFO] [MainThread] [root/update_service.py:434]: Background update checker started
2026-08-13 11:07:30,328 [WARNING] [Dummy-6] [root/event_listener.py:136]: Komorebi failed to subscribe named pipe. 'komorebic.exe' is not recognized as an internal or external command, operable program or batch file.
2026-08-13 11:07:30,663 [INFO] [MainThread] [root/api.py:69]: Fetching new weather data at 2026-08-13 11:07:30.663233
2026-08-13 11:27:30,087 [INFO] [MainThread] [root/api.py:69]: Fetching new weather data at 2026-08-13 11:27:30.087024
2026-08-13 11:35:05,175 [INFO] [MainThread] [root/bar_helper.py:594]: AppBarManager need to re-register 1 bar
2026-08-13 11:35:05,191 [INFO] [MainThread] [root/bar_helper.py:603]: Re-registered AppBar for primary-bar_DISPLAY3_7bb3a964 (space reservation + fullscreen)
2026-08-13 11:47:20,458 [INFO] [MainThread] [root/bar_helper.py:594]: AppBarManager need to re-register 1 bar
2026-08-13 11:47:20,471 [INFO] [MainThread] [root/bar_helper.py:603]: Re-registered AppBar for primary-bar_DISPLAY3_7bb3a964 (space reservation + fullscreen)
2026-08-13 11:47:30,371 [INFO] [MainThread] [root/api.py:69]: Fetching new weather data at 2026-08-13 11:47:30.370977
2026-08-13 11:48:03,459 [INFO] [MainThread] [root/bar_manager.py:119]: Stopping SystemEventListener...
2026-08-13 11:48:03,462 [INFO] [MainThread] [root/bar_manager.py:119]: Stopping KomorebiEventListener...
2026-08-13 11:48:03,469 [INFO] [MainThread] [taskbar_window_manager/window_manager.py:205]: TaskbarWindowManager stopped
2026-08-13 11:49:06,509 [INFO] [MainThread] [root/log.py:104]: YASB v2.0.6
2026-08-13 11:49:06,509 [INFO] [CLIPipeServer] [cli_server/cli_server.py:216]: CLI server started v1.1.7
2026-08-13 11:49:06,510 [INFO] [MainThread] [cli_server/cli_server.py:106]: Log pipe server started
2026-08-13 11:49:06,762 [INFO] [MainThread] [root/service.py:52]: AudioOutputService starting...
2026-08-13 11:49:07,025 [INFO] [MainThread] [taskbar_window_manager/window_manager.py:178]: TaskbarWindowManager is starting...
2026-08-13 11:49:07,028 [INFO] [MainThread] [root/bar_manager.py:103]: Starting KomorebiEventListener...
2026-08-13 11:49:07,028 [INFO] [MainThread] [root/bar_manager.py:103]: Starting SystemEventListener...
2026-08-13 11:49:07,029 [INFO] [MainThread] [root/watcher.py:65]: Watching directory: c:\users\admin\.config\yasb
2026-08-13 11:49:07,029 [INFO] [MainThread] [root/watcher.py:104]: Created file watcher
2026-08-13 11:49:07,030 [INFO] [Dummy-6] [root/event_listener.py:54]: Created named pipe yasb-a9abfacd-9747-11f1-98e3-9c2f9d779590
2026-08-13 11:49:07,050 [INFO] [MainThread] [root/update_service.py:434]: Background update checker started
2026-08-13 11:49:07,121 [WARNING] [Dummy-6] [root/event_listener.py:134]: Komorebi failed to subscribe named pipe. Komorebi is not running, please start Komorebi.
2026-08-13 11:49:07,346 [INFO] [MainThread] [root/api.py:69]: Fetching new weather data at 2026-08-13 11:49:07.346839
2026-08-13 11:50:13,431 [INFO] [MainThread] [root/log.py:104]: YASB v2.0.6
2026-08-13 11:50:13,432 [INFO] [CLIPipeServer] [cli_server/cli_server.py:216]: CLI server started v1.1.7
2026-08-13 11:50:13,432 [INFO] [MainThread] [cli_server/cli_server.py:106]: Log pipe server started
2026-08-13 11:50:13,433 [ERROR] [MainThread] [root/main.py:77]: Another instance of the YASB is already running.
2026-08-13 11:50:48,253 [INFO] [Dummy-6] [root/event_listener.py:147]: Komorebi connected to named pipe: yasb-a9abfacd-9747-11f1-98e3-9c2f9d779590
2026-08-13 11:50:58,713 [WARNING] [Dummy-6] [root/event_listener.py:95]: Pipe has been ended: (109, 'PeekNamedPipe', 'The pipe has been ended.')
2026-08-13 11:50:58,714 [INFO] [Dummy-6] [root/event_listener.py:107]: Attempting to reconnect to Komorebi...
2026-08-13 11:51:01,715 [INFO] [Dummy-6] [root/event_listener.py:54]: Created named pipe yasb-a9abfacd-9747-11f1-98e3-9c2f9d779590
2026-08-13 11:51:01,768 [WARNING] [Dummy-6] [root/event_listener.py:134]: Komorebi failed to subscribe named pipe. Komorebi is not running, please start Komorebi.
2026-08-13 11:53:34,399 [INFO] [MainThread] [root/bar_helper.py:594]: AppBarManager need to re-register 1 bar
2026-08-13 11:53:34,421 [INFO] [MainThread] [root/bar_helper.py:603]: Re-registered AppBar for primary-bar_DISPLAY1_d7ce51b5 (space reservation + fullscreen)
2026-08-13 11:56:06,170 [INFO] [MainThread] [root/controller.py:43]: Exiting Application...
2026-08-13 11:56:06,273 [INFO] [MainThread] [cli_server/cli_server.py:114]: Log pipe server stopped
2026-08-13 11:56:06,297 [INFO] [MainThread] [root/bar_manager.py:119]: Stopping KomorebiEventListener...
2026-08-13 11:56:06,299 [INFO] [MainThread] [root/bar_manager.py:119]: Stopping SystemEventListener...
2026-08-13 11:56:06,300 [INFO] [MainThread] [taskbar_window_manager/window_manager.py:205]: TaskbarWindowManager stopped
2026-08-13 11:56:42,619 [INFO] [MainThread] [root/log.py:104]: YASB v2.0.6
2026-08-13 11:56:42,620 [INFO] [CLIPipeServer] [cli_server/cli_server.py:216]: CLI server started v1.1.7
2026-08-13 11:56:42,621 [INFO] [MainThread] [cli_server/cli_server.py:106]: Log pipe server started
2026-08-13 11:56:42,898 [INFO] [MainThread] [root/service.py:52]: AudioOutputService starting...
2026-08-13 11:56:43,176 [INFO] [MainThread] [taskbar_window_manager/window_manager.py:178]: TaskbarWindowManager is starting...
2026-08-13 11:56:43,180 [INFO] [MainThread] [root/bar_manager.py:103]: Starting SystemEventListener...
2026-08-13 11:56:43,180 [INFO] [MainThread] [root/bar_manager.py:103]: Starting KomorebiEventListener...
2026-08-13 11:56:43,181 [INFO] [MainThread] [root/watcher.py:65]: Watching directory: c:\users\admin\.config\yasb
2026-08-13 11:56:43,181 [INFO] [MainThread] [root/watcher.py:104]: Created file watcher
2026-08-13 11:56:43,181 [INFO] [Dummy-6] [root/event_listener.py:54]: Created named pipe yasb-b98f4010-9748-11f1-956c-9c2f9d779590
2026-08-13 11:56:43,202 [INFO] [MainThread] [root/update_service.py:434]: Background update checker started
2026-08-13 11:56:43,262 [WARNING] [Dummy-6] [root/event_listener.py:134]: Komorebi failed to subscribe named pipe. Komorebi is not running, please start Komorebi.
2026-08-13 11:56:43,499 [INFO] [MainThread] [root/api.py:69]: Fetching new weather data at 2026-08-13 11:56:43.499185
2026-08-13 12:00:10,749 [INFO] [Dummy-6] [root/event_listener.py:147]: Komorebi connected to named pipe: yasb-b98f4010-9748-11f1-956c-9c2f9d779590
2026-08-13 12:16:42,992 [INFO] [MainThread] [root/api.py:69]: Fetching new weather data at 2026-08-13 12:16:42.992491
2026-08-13 12:36:42,979 [INFO] [MainThread] [root/api.py:69]: Fetching new weather data at 2026-08-13 12:36:42.979490
2026-08-13 12:44:16,581 [WARNING] [Dummy-6] [root/event_listener.py:95]: Pipe has been ended: (109, 'PeekNamedPipe', 'The pipe has been ended.')
2026-08-13 12:44:16,582 [INFO] [Dummy-6] [root/event_listener.py:107]: Attempting to reconnect to Komorebi...
2026-08-13 12:44:16,588 [INFO] [MainThread] [root/bar_manager.py:119]: Stopping SystemEventListener...
2026-08-13 12:44:16,597 [INFO] [MainThread] [root/bar_manager.py:119]: Stopping KomorebiEventListener...
2026-08-13 12:44:16,599 [INFO] [MainThread] [taskbar_window_manager/window_manager.py:205]: TaskbarWindowManager stopped
2026-08-13 12:44:56,532 [INFO] [MainThread] [root/log.py:104]: YASB v2.0.6
2026-08-13 12:44:56,533 [INFO] [CLIPipeServer] [cli_server/cli_server.py:216]: CLI server started v1.1.7
2026-08-13 12:44:56,533 [INFO] [MainThread] [cli_server/cli_server.py:106]: Log pipe server started
2026-08-13 12:44:56,810 [INFO] [MainThread] [root/service.py:52]: AudioOutputService starting...
2026-08-13 12:44:57,441 [INFO] [MainThread] [taskbar_window_manager/window_manager.py:178]: TaskbarWindowManager is starting...
2026-08-13 12:44:57,443 [INFO] [MainThread] [root/bar_manager.py:103]: Starting KomorebiEventListener...
2026-08-13 12:44:57,443 [INFO] [MainThread] [root/bar_manager.py:103]: Starting SystemEventListener...
2026-08-13 12:44:57,444 [INFO] [MainThread] [root/watcher.py:65]: Watching directory: c:\users\admin\.config\yasb
2026-08-13 12:44:57,444 [INFO] [MainThread] [root/watcher.py:104]: Created file watcher
2026-08-13 12:44:57,445 [INFO] [Dummy-6] [root/event_listener.py:54]: Created named pipe yasb-76acb718-974f-11f1-aec8-9c2f9d779590
2026-08-13 12:44:57,465 [INFO] [MainThread] [root/update_service.py:434]: Background update checker started
2026-08-13 12:44:57,530 [WARNING] [Dummy-6] [root/event_listener.py:134]: Komorebi failed to subscribe named pipe. Komorebi is not running, please start Komorebi.
2026-08-13 12:44:57,691 [INFO] [MainThread] [root/api.py:69]: Fetching new weather data at 2026-08-13 12:44:57.691040
2026-08-13 12:46:48,832 [INFO] [Dummy-6] [root/event_listener.py:147]: Komorebi connected to named pipe: yasb-76acb718-974f-11f1-aec8-9c2f9d779590
2026-08-13 12:51:06,420 [WARNING] [Dummy-6] [root/event_listener.py:95]: Pipe has been ended: (109, 'PeekNamedPipe', 'The pipe has been ended.')
2026-08-13 12:51:06,420 [INFO] [Dummy-6] [root/event_listener.py:107]: Attempting to reconnect to Komorebi...
2026-08-13 12:51:09,424 [INFO] [Dummy-6] [root/event_listener.py:54]: Created named pipe yasb-76acb718-974f-11f1-aec8-9c2f9d779590
2026-08-13 12:51:09,482 [WARNING] [Dummy-6] [root/event_listener.py:134]: Komorebi failed to subscribe named pipe. Komorebi is not running, please start Komorebi.
2026-08-13 12:55:12,194 [INFO] [Dummy-6] [root/event_listener.py:147]: Komorebi connected to named pipe: yasb-76acb718-974f-11f1-aec8-9c2f9d779590
2026-08-13 12:57:08,837 [WARNING] [Dummy-6] [root/event_listener.py:95]: Pipe has been ended: (109, 'PeekNamedPipe', 'The pipe has been ended.')
2026-08-13 12:57:08,838 [INFO] [Dummy-6] [root/event_listener.py:107]: Attempting to reconnect to Komorebi...
2026-08-13 12:57:11,839 [INFO] [Dummy-6] [root/event_listener.py:54]: Created named pipe yasb-76acb718-974f-11f1-aec8-9c2f9d779590
2026-08-13 12:57:11,893 [WARNING] [Dummy-6] [root/event_listener.py:134]: Komorebi failed to subscribe named pipe. Komorebi is not running, please start Komorebi.
2026-08-13 12:57:16,947 [INFO] [Dummy-6] [root/event_listener.py:147]: Komorebi connected to named pipe: yasb-76acb718-974f-11f1-aec8-9c2f9d779590
2026-08-13 13:04:56,925 [INFO] [MainThread] [root/api.py:69]: Fetching new weather data at 2026-08-13 13:04:56.925261
2026-08-13 13:05:06,219 [INFO] [MainThread] [root/bar_helper.py:594]: AppBarManager need to re-register 1 bar
2026-08-13 13:05:06,241 [INFO] [MainThread] [root/bar_helper.py:603]: Re-registered AppBar for primary-bar_DISPLAY1_790b0c0f (space reservation + fullscreen)
2026-08-13 13:05:30,948 [WARNING] [Dummy-6] [root/event_listener.py:95]: Pipe has been ended: (109, 'PeekNamedPipe', 'The pipe has been ended.')
2026-08-13 13:05:30,949 [INFO] [Dummy-6] [root/event_listener.py:107]: Attempting to reconnect to Komorebi...
2026-08-13 13:05:31,007 [INFO] [MainThread] [root/bar_manager.py:119]: Stopping KomorebiEventListener...
2026-08-13 13:05:31,010 [INFO] [MainThread] [root/bar_manager.py:119]: Stopping SystemEventListener...
2026-08-13 13:05:31,031 [INFO] [MainThread] [taskbar_window_manager/window_manager.py:205]: TaskbarWindowManager stopped
2026-08-13 13:06:04,508 [INFO] [MainThread] [root/log.py:104]: YASB v2.0.6
2026-08-13 13:06:04,509 [INFO] [CLIPipeServer] [cli_server/cli_server.py:216]: CLI server started v1.1.7
2026-08-13 13:06:04,510 [INFO] [MainThread] [cli_server/cli_server.py:106]: Log pipe server started
2026-08-13 13:06:04,781 [INFO] [MainThread] [root/service.py:52]: AudioOutputService starting...
2026-08-13 13:06:05,083 [INFO] [MainThread] [taskbar_window_manager/window_manager.py:178]: TaskbarWindowManager is starting...
2026-08-13 13:06:05,086 [INFO] [MainThread] [root/bar_manager.py:103]: Starting SystemEventListener...
2026-08-13 13:06:05,086 [INFO] [MainThread] [root/bar_manager.py:103]: Starting KomorebiEventListener...
2026-08-13 13:06:05,087 [INFO] [MainThread] [root/watcher.py:65]: Watching directory: c:\users\admin\.config\yasb
2026-08-13 13:06:05,088 [INFO] [MainThread] [root/watcher.py:104]: Created file watcher
2026-08-13 13:06:05,087 [INFO] [Dummy-6] [root/event_listener.py:54]: Created named pipe yasb-6a3fba81-9752-11f1-981b-9c2f9d779590
2026-08-13 13:06:05,113 [INFO] [MainThread] [root/update_service.py:434]: Background update checker started
2026-08-13 13:06:05,160 [WARNING] [Dummy-6] [root/event_listener.py:134]: Komorebi failed to subscribe named pipe. Komorebi is not running, please start Komorebi.
2026-08-13 13:06:05,616 [INFO] [MainThread] [root/api.py:69]: Fetching new weather data at 2026-08-13 13:06:05.616714
2026-08-13 13:08:47,046 [INFO] [Dummy-6] [root/event_listener.py:147]: Komorebi connected to named pipe: yasb-6a3fba81-9752-11f1-981b-9c2f9d779590
2026-08-13 13:26:05,046 [INFO] [MainThread] [root/api.py:69]: Fetching new weather data at 2026-08-13 13:26:05.046835
2026-08-13 13:33:36,846 [INFO] [MainThread] [root/controller.py:43]: Exiting Application...
2026-08-13 13:33:36,961 [INFO] [MainThread] [cli_server/cli_server.py:114]: Log pipe server stopped
2026-08-13 13:33:36,989 [INFO] [MainThread] [root/bar_manager.py:119]: Stopping SystemEventListener...
2026-08-13 13:33:36,992 [INFO] [MainThread] [root/bar_manager.py:119]: Stopping KomorebiEventListener...
2026-08-13 13:33:36,994 [INFO] [MainThread] [taskbar_window_manager/window_manager.py:205]: TaskbarWindowManager stopped
2026-08-13 13:46:55,062 [INFO] [MainThread] [root/log.py:104]: YASB v2.0.6
2026-08-13 13:46:55,063 [INFO] [CLIPipeServer] [cli_server/cli_server.py:216]: CLI server started v1.1.7
2026-08-13 13:46:55,063 [INFO] [MainThread] [cli_server/cli_server.py:106]: Log pipe server started
2026-08-13 13:46:55,320 [INFO] [MainThread] [root/service.py:52]: AudioOutputService starting...
2026-08-13 13:46:55,604 [INFO] [MainThread] [taskbar_window_manager/window_manager.py:178]: TaskbarWindowManager is starting...
2026-08-13 13:46:55,607 [INFO] [MainThread] [root/bar_manager.py:103]: Starting SystemEventListener...
2026-08-13 13:46:55,607 [INFO] [MainThread] [root/bar_manager.py:103]: Starting KomorebiEventListener...
2026-08-13 13:46:55,608 [INFO] [MainThread] [root/watcher.py:65]: Watching directory: c:\users\admin\.config\yasb
2026-08-13 13:46:55,608 [INFO] [MainThread] [root/watcher.py:104]: Created file watcher
2026-08-13 13:46:55,609 [INFO] [Dummy-6] [root/event_listener.py:54]: Created named pipe yasb-1edf8ccb-9758-11f1-941c-9c2f9d779590
2026-08-13 13:46:55,627 [INFO] [MainThread] [root/update_service.py:434]: Background update checker started
2026-08-13 13:46:55,685 [WARNING] [Dummy-6] [root/event_listener.py:134]: Komorebi failed to subscribe named pipe. Komorebi is not running, please start Komorebi.
2026-08-13 13:46:56,006 [INFO] [MainThread] [root/api.py:69]: Fetching new weather data at 2026-08-13 13:46:56.005982
2026-08-13 13:48:26,711 [INFO] [Dummy-6] [root/event_listener.py:147]: Komorebi connected to named pipe: yasb-1edf8ccb-9758-11f1-941c-9c2f9d779590
2026-08-13 14:06:55,418 [INFO] [MainThread] [root/api.py:69]: Fetching new weather data at 2026-08-13 14:06:55.418210
2026-08-13 14:24:08,459 [INFO] [MainThread] [root/bar_helper.py:594]: AppBarManager need to re-register 1 bar
2026-08-13 14:24:08,485 [INFO] [MainThread] [root/bar_helper.py:603]: Re-registered AppBar for primary-bar_DISPLAY1_e46b509e (space reservation + fullscreen)
2026-08-13 14:26:27,208 [INFO] [MainThread] [root/bar_helper.py:594]: AppBarManager need to re-register 1 bar
2026-08-13 14:26:27,219 [INFO] [MainThread] [root/bar_helper.py:603]: Re-registered AppBar for primary-bar_DISPLAY1_e46b509e (space reservation + fullscreen)
2026-08-13 14:26:55,612 [INFO] [MainThread] [root/api.py:69]: Fetching new weather data at 2026-08-13 14:26:55.612322
2026-08-13 14:27:52,714 [INFO] [MainThread] [root/bar_manager.py:119]: Stopping SystemEventListener...
2026-08-13 14:27:52,720 [INFO] [MainThread] [root/bar_manager.py:119]: Stopping KomorebiEventListener...
2026-08-13 14:27:52,723 [INFO] [MainThread] [taskbar_window_manager/window_manager.py:205]: TaskbarWindowManager stopped
2026-08-13 14:28:43,154 [INFO] [MainThread] [root/log.py:104]: YASB v2.0.6
2026-08-13 14:28:43,154 [INFO] [CLIPipeServer] [cli_server/cli_server.py:216]: CLI server started v1.1.7
2026-08-13 14:28:43,155 [INFO] [MainThread] [cli_server/cli_server.py:106]: Log pipe server started
2026-08-13 14:28:43,412 [INFO] [MainThread] [root/service.py:52]: AudioOutputService starting...
2026-08-13 14:28:43,695 [INFO] [MainThread] [taskbar_window_manager/window_manager.py:178]: TaskbarWindowManager is starting...
2026-08-13 14:28:43,699 [INFO] [MainThread] [root/bar_manager.py:103]: Starting SystemEventListener...
2026-08-13 14:28:43,699 [INFO] [MainThread] [root/bar_manager.py:103]: Starting KomorebiEventListener...
2026-08-13 14:28:43,700 [INFO] [MainThread] [root/watcher.py:65]: Watching directory: c:\users\admin\.config\yasb
2026-08-13 14:28:43,700 [INFO] [MainThread] [root/watcher.py:104]: Created file watcher
2026-08-13 14:28:43,700 [INFO] [Dummy-6] [root/event_listener.py:54]: Created named pipe yasb-f5cffd7e-975d-11f1-86df-9c2f9d779590
2026-08-13 14:28:43,718 [INFO] [MainThread] [root/update_service.py:434]: Background update checker started
2026-08-13 14:28:43,792 [WARNING] [Dummy-6] [root/event_listener.py:134]: Komorebi failed to subscribe named pipe. Komorebi is not running, please start Komorebi.
2026-08-13 14:28:43,995 [INFO] [MainThread] [root/api.py:69]: Fetching new weather data at 2026-08-13 14:28:43.995268
2026-08-13 14:35:18,518 [INFO] [Dummy-6] [root/event_listener.py:147]: Komorebi connected to named pipe: yasb-f5cffd7e-975d-11f1-86df-9c2f9d779590
2026-08-13 14:48:43,613 [INFO] [MainThread] [root/api.py:69]: Fetching new weather data at 2026-08-13 14:48:43.613505
2026-08-13 15:00:45,874 [INFO] [MainThread] [root/log.py:104]: YASB v2.0.6
2026-08-13 15:00:45,875 [INFO] [CLIPipeServer] [cli_server/cli_server.py:216]: CLI server started v1.1.7
2026-08-13 15:00:45,875 [INFO] [MainThread] [cli_server/cli_server.py:106]: Log pipe server started
2026-08-13 15:00:46,296 [INFO] [MainThread] [root/service.py:52]: AudioOutputService starting...
2026-08-13 15:00:46,440 [INFO] [MainThread] [root/bar_manager.py:103]: Starting KomorebiEventListener...
2026-08-13 15:00:46,441 [INFO] [MainThread] [root/bar_manager.py:103]: Starting SystemEventListener...
2026-08-13 15:00:46,443 [INFO] [MainThread] [root/watcher.py:65]: Watching directory: c:\users\admin\.config\yasb
2026-08-13 15:00:46,443 [INFO] [MainThread] [root/watcher.py:104]: Created file watcher
2026-08-13 15:00:46,445 [INFO] [Dummy-8] [root/event_listener.py:54]: Created named pipe yasb-6fdb138d-9762-11f1-bd2f-9c2f9d779590
2026-08-13 15:00:46,487 [INFO] [MainThread] [root/update_service.py:434]: Background update checker started
2026-08-13 15:00:46,601 [INFO] [Dummy-8] [root/event_listener.py:147]: Komorebi connected to named pipe: yasb-6fdb138d-9762-11f1-bd2f-9c2f9d779590
2026-08-13 15:00:47,033 [INFO] [MainThread] [root/api.py:69]: Fetching new weather data at 2026-08-13 15:00:47.033662
2026-08-13 15:02:00,930 [INFO] [MainThread] [root/utils.py:464]: YASB added to startup
2026-08-13 15:02:14,548 [INFO] [CLIPipeServer] [cli_server/cli_server.py:257]: CLI server received command: stop
2026-08-13 15:02:14,548 [INFO] [CLIPipeServer] [root/controller.py:43]: Exiting Application from CLI...
2026-08-13 15:02:14,663 [INFO] [CLIPipeServer] [cli_server/cli_server.py:114]: Log pipe server stopped
2026-08-13 15:02:14,735 [INFO] [MainThread] [root/bar_manager.py:119]: Stopping KomorebiEventListener...
2026-08-13 15:02:14,737 [INFO] [MainThread] [root/bar_manager.py:119]: Stopping SystemEventListener...
2026-08-13 15:02:16,038 [INFO] [MainThread] [root/log.py:104]: YASB v2.0.6
2026-08-13 15:02:16,038 [INFO] [CLIPipeServer] [cli_server/cli_server.py:216]: CLI server started v1.1.7
2026-08-13 15:02:16,039 [INFO] [MainThread] [cli_server/cli_server.py:106]: Log pipe server started
2026-08-13 15:02:16,594 [INFO] [MainThread] [root/service.py:52]: AudioOutputService starting...
2026-08-13 15:02:16,739 [INFO] [MainThread] [root/bar_manager.py:238]: Starting HotkeyListener...
2026-08-13 15:02:16,739 [INFO] [MainThread] [root/bar_manager.py:103]: Starting SystemEventListener...
2026-08-13 15:02:16,740 [INFO] [MainThread] [root/bar_manager.py:103]: Starting WindowsNotificationEventListener...
2026-08-13 15:02:16,740 [INFO] [MainThread] [root/bar_manager.py:103]: Starting KomorebiEventListener...
2026-08-13 15:02:16,742 [INFO] [MainThread] [root/watcher.py:65]: Watching directory: c:\users\admin\.config\yasb
2026-08-13 15:02:16,743 [INFO] [MainThread] [root/watcher.py:104]: Created file watcher
2026-08-13 15:02:16,748 [INFO] [Dummy-10] [root/event_listener.py:54]: Created named pipe yasb-a5adb0fa-9762-11f1-938d-9c2f9d779590
2026-08-13 15:02:16,767 [INFO] [MainThread] [system_colors/system_colors.py:59]: System Colors Service started.
2026-08-13 15:02:16,769 [INFO] [Dummy-11] [root/windows_notification.py:161]: Notification service started (WNF_SHEL_NOTIFICATION_TOTAL)
2026-08-13 15:02:16,833 [INFO] [MainThread] [root/update_service.py:434]: Background update checker started
2026-08-13 15:02:16,885 [INFO] [Dummy-10] [root/event_listener.py:147]: Komorebi connected to named pipe: yasb-a5adb0fa-9762-11f1-938d-9c2f9d779590
2026-08-13 15:02:53,437 [INFO] [CLIPipeServer] [cli_server/cli_server.py:257]: CLI server received command: stop
2026-08-13 15:02:53,437 [INFO] [CLIPipeServer] [root/controller.py:43]: Exiting Application from CLI...
2026-08-13 15:02:53,542 [INFO] [CLIPipeServer] [cli_server/cli_server.py:114]: Log pipe server stopped
2026-08-13 15:02:53,595 [INFO] [MainThread] [root/bar_manager.py:111]: Stopping HotkeyListener...
2026-08-13 15:02:53,596 [INFO] [MainThread] [root/bar_manager.py:119]: Stopping SystemEventListener...
2026-08-13 15:02:53,597 [INFO] [MainThread] [root/bar_manager.py:119]: Stopping WindowsNotificationEventListener...
2026-08-13 15:02:53,598 [INFO] [Dummy-11] [root/windows_notification.py:97]: Notification service stopped
2026-08-13 15:02:53,599 [INFO] [MainThread] [root/bar_manager.py:119]: Stopping KomorebiEventListener...
2026-08-13 15:02:53,602 [INFO] [MainThread] [system_colors/system_colors.py:69]: System Colors Service stopped.
2026-08-13 15:02:55,247 [INFO] [MainThread] [root/log.py:104]: YASB v2.0.6
2026-08-13 15:02:55,248 [INFO] [CLIPipeServer] [cli_server/cli_server.py:216]: CLI server started v1.1.7
2026-08-13 15:02:55,249 [INFO] [MainThread] [cli_server/cli_server.py:106]: Log pipe server started
2026-08-13 15:02:55,504 [INFO] [MainThread] [root/service.py:52]: AudioOutputService starting...
2026-08-13 15:02:55,964 [INFO] [MainThread] [taskbar_window_manager/window_manager.py:178]: TaskbarWindowManager is starting...
2026-08-13 15:02:55,974 [INFO] [MainThread] [root/bar_manager.py:238]: Starting HotkeyListener...
2026-08-13 15:02:55,974 [INFO] [MainThread] [root/bar_manager.py:103]: Starting KomorebiEventListener...
2026-08-13 15:02:55,974 [INFO] [MainThread] [root/bar_manager.py:103]: Starting WindowsNotificationEventListener...
2026-08-13 15:02:55,975 [INFO] [Dummy-8] [root/event_listener.py:54]: Created named pipe yasb-bd1047bd-9762-11f1-a7d5-9c2f9d779590
2026-08-13 15:02:55,982 [INFO] [MainThread] [root/watcher.py:65]: Watching directory: c:\users\admin\.config\yasb
2026-08-13 15:02:55,982 [INFO] [MainThread] [root/watcher.py:104]: Created file watcher
2026-08-13 15:02:56,000 [INFO] [MainThread] [root/update_service.py:434]: Background update checker started
2026-08-13 15:02:56,005 [INFO] [Dummy-11] [root/windows_notification.py:161]: Notification service started (WNF_SHEL_NOTIFICATION_TOTAL)
2026-08-13 15:02:56,051 [INFO] [Dummy-8] [root/event_listener.py:147]: Komorebi connected to named pipe: yasb-bd1047bd-9762-11f1-a7d5-9c2f9d779590
2026-08-13 15:03:19,259 [INFO] [CLIPipeServer] [cli_server/cli_server.py:257]: CLI server received command: stop
2026-08-13 15:03:19,259 [INFO] [CLIPipeServer] [root/controller.py:43]: Exiting Application from CLI...
2026-08-13 15:03:19,362 [INFO] [CLIPipeServer] [cli_server/cli_server.py:114]: Log pipe server stopped
2026-08-13 15:03:20,975 [INFO] [MainThread] [root/log.py:104]: YASB v2.0.6
2026-08-13 15:03:20,976 [INFO] [CLIPipeServer] [cli_server/cli_server.py:216]: CLI server started v1.1.7
2026-08-13 15:03:20,976 [INFO] [MainThread] [cli_server/cli_server.py:106]: Log pipe server started
2026-08-13 15:03:20,977 [ERROR] [MainThread] [root/main.py:77]: Another instance of the YASB is already running.
2026-08-13 15:03:21,904 [INFO] [MainThread] [root/log.py:104]: YASB v2.0.6
2026-08-13 15:03:21,904 [INFO] [CLIPipeServer] [cli_server/cli_server.py:216]: CLI server started v1.1.7
2026-08-13 15:03:21,905 [INFO] [MainThread] [cli_server/cli_server.py:106]: Log pipe server started
2026-08-13 15:03:21,905 [ERROR] [MainThread] [root/main.py:77]: Another instance of the YASB is already running.
2026-08-13 15:03:31,625 [INFO] [MainThread] [root/bar_manager.py:111]: Stopping HotkeyListener...
2026-08-13 15:03:31,627 [INFO] [MainThread] [root/bar_manager.py:119]: Stopping KomorebiEventListener...
2026-08-13 15:03:31,629 [INFO] [MainThread] [root/bar_manager.py:119]: Stopping WindowsNotificationEventListener...
2026-08-13 15:03:31,629 [INFO] [Dummy-11] [root/windows_notification.py:97]: Notification service stopped
2026-08-13 15:03:31,631 [INFO] [MainThread] [taskbar_window_manager/window_manager.py:205]: TaskbarWindowManager stopped
2026-08-13 15:03:41,330 [INFO] [MainThread] [root/log.py:104]: YASB v2.0.6
2026-08-13 15:03:41,331 [INFO] [CLIPipeServer] [cli_server/cli_server.py:216]: CLI server started v1.1.7
2026-08-13 15:03:41,331 [INFO] [MainThread] [cli_server/cli_server.py:106]: Log pipe server started
2026-08-13 15:03:41,518 [INFO] [MainThread] [root/service.py:52]: AudioOutputService starting...
2026-08-13 15:03:41,909 [INFO] [MainThread] [taskbar_window_manager/window_manager.py:178]: TaskbarWindowManager is starting...
2026-08-13 15:03:41,917 [INFO] [MainThread] [root/bar_manager.py:103]: Starting KomorebiEventListener...
2026-08-13 15:03:41,918 [INFO] [MainThread] [root/bar_manager.py:103]: Starting SystemEventListener...
2026-08-13 15:03:41,919 [INFO] [MainThread] [root/watcher.py:65]: Watching directory: c:\users\admin\.config\yasb
2026-08-13 15:03:41,919 [INFO] [MainThread] [root/watcher.py:104]: Created file watcher
2026-08-13 15:03:41,919 [INFO] [Dummy-6] [root/event_listener.py:54]: Created named pipe yasb-d872b2cc-9762-11f1-93ab-9c2f9d779590
2026-08-13 15:03:41,936 [INFO] [MainThread] [root/update_service.py:434]: Background update checker started
2026-08-13 15:03:42,003 [INFO] [Dummy-6] [root/event_listener.py:147]: Komorebi connected to named pipe: yasb-d872b2cc-9762-11f1-93ab-9c2f9d779590
2026-08-13 15:03:42,051 [INFO] [MainThread] [root/log.py:104]: YASB v2.0.6
2026-08-13 15:03:42,052 [INFO] [CLIPipeServer] [cli_server/cli_server.py:216]: CLI server started v1.1.7
2026-08-13 15:03:42,052 [INFO] [MainThread] [cli_server/cli_server.py:106]: Log pipe server started
2026-08-13 15:03:42,053 [ERROR] [MainThread] [root/main.py:77]: Another instance of the YASB is already running.
2026-08-13 15:03:42,221 [INFO] [MainThread] [root/api.py:69]: Fetching new weather data at 2026-08-13 15:03:42.221863
2026-08-13 15:23:41,654 [INFO] [MainThread] [root/api.py:69]: Fetching new weather data at 2026-08-13 15:23:41.654050
2026-08-13 15:37:41,208 [INFO] [MainThread] [root/controller.py:43]: Exiting Application...
2026-08-13 15:37:41,327 [INFO] [MainThread] [cli_server/cli_server.py:114]: Log pipe server stopped
2026-08-13 15:37:41,380 [INFO] [MainThread] [root/bar_manager.py:119]: Stopping KomorebiEventListener...
2026-08-13 15:37:41,384 [INFO] [MainThread] [root/bar_manager.py:119]: Stopping SystemEventListener...
2026-08-13 15:37:41,388 [INFO] [MainThread] [taskbar_window_manager/window_manager.py:205]: TaskbarWindowManager stopped
2026-08-13 19:42:47,267 [INFO] [MainThread] [root/log.py:104]: YASB v2.0.6
2026-08-13 19:42:47,268 [INFO] [CLIPipeServer] [cli_server/cli_server.py:216]: CLI server started v1.1.7
2026-08-13 19:42:47,268 [INFO] [MainThread] [cli_server/cli_server.py:106]: Log pipe server started
2026-08-13 19:42:47,522 [INFO] [MainThread] [root/service.py:52]: AudioOutputService starting...
2026-08-13 19:42:47,809 [INFO] [MainThread] [taskbar_window_manager/window_manager.py:178]: TaskbarWindowManager is starting...
2026-08-13 19:42:47,812 [INFO] [MainThread] [root/bar_manager.py:103]: Starting SystemEventListener...
2026-08-13 19:42:47,812 [INFO] [MainThread] [root/bar_manager.py:103]: Starting KomorebiEventListener...
2026-08-13 19:42:47,813 [INFO] [MainThread] [root/watcher.py:65]: Watching directory: c:\users\admin\.config\yasb
2026-08-13 19:42:47,813 [INFO] [MainThread] [root/watcher.py:104]: Created file watcher
2026-08-13 19:42:47,814 [INFO] [Dummy-6] [root/event_listener.py:54]: Created named pipe yasb-d5c76af1-9789-11f1-8ac0-9c2f9d779590
2026-08-13 19:42:47,832 [INFO] [MainThread] [root/update_service.py:434]: Background update checker started
2026-08-13 19:42:47,890 [WARNING] [UpdateChecker] [root/update_service.py:300]: Network error checking for updates: [Errno 11001] getaddrinfo failed
2026-08-13 19:42:47,890 [WARNING] [UpdateChecker] [root/update_service.py:430]: Background update check failed: <urlopen error [Errno 11001] getaddrinfo failed>
2026-08-13 19:42:47,907 [WARNING] [Dummy-6] [root/event_listener.py:134]: Komorebi failed to subscribe named pipe. Komorebi is not running, please start Komorebi.
2026-08-13 19:42:47,935 [ERROR] [MainThread] [root/api.py:84]: No internet connection or host not found. Unable to fetch weather.
2026-08-13 19:42:47,936 [WARNING] [MainThread] [root/weather.py:565]: Error processing weather data: Weather data is empty.. Retrying fetch in 10 seconds.
2026-08-13 19:42:53,658 [INFO] [MainThread] [root/log.py:104]: YASB v2.0.6
2026-08-13 19:42:53,659 [INFO] [CLIPipeServer] [cli_server/cli_server.py:216]: CLI server started v1.1.7
2026-08-13 19:42:53,659 [INFO] [MainThread] [cli_server/cli_server.py:106]: Log pipe server started
2026-08-13 19:42:53,660 [ERROR] [MainThread] [root/main.py:77]: Another instance of the YASB is already running.
2026-08-13 19:42:57,940 [ERROR] [MainThread] [root/api.py:84]: No internet connection or host not found. Unable to fetch weather.
2026-08-13 19:42:57,941 [WARNING] [MainThread] [root/weather.py:565]: Error processing weather data: Weather data is empty.. Retrying fetch in 10 seconds.
2026-08-13 19:43:07,947 [ERROR] [MainThread] [root/api.py:84]: No internet connection or host not found. Unable to fetch weather.
2026-08-13 19:43:07,947 [WARNING] [MainThread] [root/weather.py:565]: Error processing weather data: Weather data is empty.. Retrying fetch in 10 seconds.
2026-08-13 19:43:17,935 [ERROR] [MainThread] [root/api.py:84]: No internet connection or host not found. Unable to fetch weather.
2026-08-13 19:43:17,936 [WARNING] [MainThread] [root/weather.py:565]: Error processing weather data: Weather data is empty.. Retrying fetch in 10 seconds.
2026-08-13 19:43:27,954 [ERROR] [MainThread] [root/api.py:84]: No internet connection or host not found. Unable to fetch weather.
2026-08-13 19:43:27,954 [WARNING] [MainThread] [root/weather.py:565]: Error processing weather data: Weather data is empty.. Retrying fetch in 10 seconds.
2026-08-13 19:43:37,957 [ERROR] [MainThread] [root/api.py:84]: No internet connection or host not found. Unable to fetch weather.
2026-08-13 19:43:37,957 [WARNING] [MainThread] [root/weather.py:565]: Error processing weather data: Weather data is empty.. Retrying fetch in 10 seconds.
2026-08-13 19:43:47,967 [ERROR] [MainThread] [root/api.py:84]: No internet connection or host not found. Unable to fetch weather.
2026-08-13 19:43:47,968 [WARNING] [MainThread] [root/weather.py:565]: Error processing weather data: Weather data is empty.. Retrying fetch in 10 seconds.
2026-08-13 19:43:58,041 [ERROR] [MainThread] [root/api.py:84]: No internet connection or host not found. Unable to fetch weather.
2026-08-13 19:43:58,042 [WARNING] [MainThread] [root/weather.py:565]: Error processing weather data: Weather data is empty.. Retrying fetch in 10 seconds.
2026-08-13 19:44:08,055 [ERROR] [MainThread] [root/api.py:84]: No internet connection or host not found. Unable to fetch weather.
2026-08-13 19:44:08,055 [WARNING] [MainThread] [root/weather.py:565]: Error processing weather data: Weather data is empty.. Retrying fetch in 10 seconds.
2026-08-13 19:44:18,058 [ERROR] [MainThread] [root/api.py:84]: No internet connection or host not found. Unable to fetch weather.
2026-08-13 19:44:18,059 [WARNING] [MainThread] [root/weather.py:565]: Error processing weather data: Weather data is empty.. Retrying fetch in 10 seconds.
2026-08-13 19:44:28,068 [ERROR] [MainThread] [root/api.py:84]: No internet connection or host not found. Unable to fetch weather.
2026-08-13 19:44:28,068 [WARNING] [MainThread] [root/weather.py:565]: Error processing weather data: Weather data is empty.. Retrying fetch in 10 seconds.
2026-08-13 19:44:38,073 [ERROR] [MainThread] [root/api.py:84]: No internet connection or host not found. Unable to fetch weather.
2026-08-13 19:44:38,074 [WARNING] [MainThread] [root/weather.py:565]: Error processing weather data: Weather data is empty.. Retrying fetch in 10 seconds.
2026-08-13 19:44:48,490 [INFO] [MainThread] [root/api.py:69]: Fetching new weather data at 2026-08-13 19:44:48.490755
2026-08-13 19:47:18,785 [INFO] [Dummy-6] [root/event_listener.py:147]: Komorebi connected to named pipe: yasb-d5c76af1-9789-11f1-8ac0-9c2f9d779590
2026-08-13 20:02:59,479 [ERROR] [MainThread] [root/api.py:84]: No internet connection or host not found. Unable to fetch weather.
2026-08-13 20:02:59,480 [WARNING] [MainThread] [root/weather.py:565]: Error processing weather data: Weather data is empty.. Retrying fetch in 10 seconds.
2026-08-13 20:03:10,257 [INFO] [MainThread] [root/api.py:69]: Fetching new weather data at 2026-08-13 20:03:10.257773
2026-08-13 20:04:13,771 [WARNING] [Dummy-6] [root/event_listener.py:95]: Pipe has been ended: (109, 'PeekNamedPipe', 'The pipe has been ended.')
2026-08-13 20:04:13,772 [INFO] [Dummy-6] [root/event_listener.py:107]: Attempting to reconnect to Komorebi...
2026-08-13 20:04:16,782 [INFO] [Dummy-6] [root/event_listener.py:54]: Created named pipe yasb-d5c76af1-9789-11f1-8ac0-9c2f9d779590
2026-08-13 20:04:16,888 [WARNING] [Dummy-6] [root/event_listener.py:134]: Komorebi failed to subscribe named pipe. Komorebi is not running, please start Komorebi.
2026-08-13 20:11:37,318 [INFO] [MainThread] [root/controller.py:43]: Exiting Application...
2026-08-13 20:11:37,430 [INFO] [MainThread] [cli_server/cli_server.py:114]: Log pipe server stopped
2026-08-13 20:11:37,511 [INFO] [MainThread] [root/bar_manager.py:119]: Stopping SystemEventListener...
2026-08-13 20:11:37,519 [INFO] [MainThread] [root/bar_manager.py:119]: Stopping KomorebiEventListener...
2026-08-13 20:11:37,527 [INFO] [MainThread] [taskbar_window_manager/window_manager.py:205]: TaskbarWindowManager stopped
2026-08-13 20:12:21,165 [INFO] [MainThread] [root/log.py:104]: YASB v2.0.6
2026-08-13 20:12:21,166 [INFO] [CLIPipeServer] [cli_server/cli_server.py:216]: CLI server started v1.1.7
2026-08-13 20:12:21,167 [INFO] [MainThread] [cli_server/cli_server.py:106]: Log pipe server started
2026-08-13 20:12:21,436 [INFO] [MainThread] [root/service.py:52]: AudioOutputService starting...
2026-08-13 20:12:21,725 [INFO] [MainThread] [taskbar_window_manager/window_manager.py:178]: TaskbarWindowManager is starting...
2026-08-13 20:12:21,728 [INFO] [MainThread] [root/bar_manager.py:103]: Starting SystemEventListener...
2026-08-13 20:12:21,729 [INFO] [MainThread] [root/bar_manager.py:103]: Starting KomorebiEventListener...
2026-08-13 20:12:21,730 [INFO] [MainThread] [root/watcher.py:65]: Watching directory: c:\users\admin\.config\yasb
2026-08-13 20:12:21,730 [INFO] [MainThread] [root/watcher.py:104]: Created file watcher
2026-08-13 20:12:21,730 [INFO] [Dummy-6] [root/event_listener.py:54]: Created named pipe yasb-f71da41f-978d-11f1-a220-9c2f9d779590
2026-08-13 20:12:21,752 [INFO] [MainThread] [root/update_service.py:434]: Background update checker started
2026-08-13 20:12:21,818 [WARNING] [UpdateChecker] [root/update_service.py:300]: Network error checking for updates: [Errno 11001] getaddrinfo failed
2026-08-13 20:12:21,819 [WARNING] [UpdateChecker] [root/update_service.py:430]: Background update check failed: <urlopen error [Errno 11001] getaddrinfo failed>
2026-08-13 20:12:21,819 [WARNING] [Dummy-6] [root/event_listener.py:134]: Komorebi failed to subscribe named pipe. Komorebi is not running, please start Komorebi.
2026-08-13 20:12:21,822 [ERROR] [MainThread] [root/api.py:84]: No internet connection or host not found. Unable to fetch weather.
2026-08-13 20:12:21,823 [WARNING] [MainThread] [root/weather.py:565]: Error processing weather data: Weather data is empty.. Retrying fetch in 10 seconds.
2026-08-13 20:12:31,830 [ERROR] [MainThread] [root/api.py:84]: No internet connection or host not found. Unable to fetch weather.
2026-08-13 20:12:31,830 [WARNING] [MainThread] [root/weather.py:565]: Error processing weather data: Weather data is empty.. Retrying fetch in 10 seconds.
2026-08-13 20:12:31,881 [INFO] [MainThread] [root/log.py:104]: YASB v2.0.6
2026-08-13 20:12:31,881 [INFO] [CLIPipeServer] [cli_server/cli_server.py:216]: CLI server started v1.1.7
2026-08-13 20:12:31,882 [INFO] [MainThread] [cli_server/cli_server.py:106]: Log pipe server started
2026-08-13 20:12:31,882 [ERROR] [MainThread] [root/main.py:77]: Another instance of the YASB is already running.
2026-08-13 20:12:41,837 [ERROR] [MainThread] [root/api.py:84]: No internet connection or host not found. Unable to fetch weather.
2026-08-13 20:12:41,838 [WARNING] [MainThread] [root/weather.py:565]: Error processing weather data: Weather data is empty.. Retrying fetch in 10 seconds.
2026-08-13 20:12:51,843 [ERROR] [MainThread] [root/api.py:84]: No internet connection or host not found. Unable to fetch weather.
2026-08-13 20:12:51,843 [WARNING] [MainThread] [root/weather.py:565]: Error processing weather data: Weather data is empty.. Retrying fetch in 10 seconds.
2026-08-13 20:13:01,849 [ERROR] [MainThread] [root/api.py:84]: No internet connection or host not found. Unable to fetch weather.
2026-08-13 20:13:01,850 [WARNING] [MainThread] [root/weather.py:565]: Error processing weather data: Weather data is empty.. Retrying fetch in 10 seconds.
2026-08-13 20:13:11,846 [ERROR] [MainThread] [root/api.py:84]: No internet connection or host not found. Unable to fetch weather.
2026-08-13 20:13:11,846 [WARNING] [MainThread] [root/weather.py:565]: Error processing weather data: Weather data is empty.. Retrying fetch in 10 seconds.
2026-08-13 20:13:21,850 [ERROR] [MainThread] [root/api.py:84]: No internet connection or host not found. Unable to fetch weather.
2026-08-13 20:13:21,850 [WARNING] [MainThread] [root/weather.py:565]: Error processing weather data: Weather data is empty.. Retrying fetch in 10 seconds.
2026-08-13 20:13:31,852 [ERROR] [MainThread] [root/api.py:84]: No internet connection or host not found. Unable to fetch weather.
2026-08-13 20:13:31,852 [WARNING] [MainThread] [root/weather.py:565]: Error processing weather data: Weather data is empty.. Retrying fetch in 10 seconds.
2026-08-13 20:13:41,851 [ERROR] [MainThread] [root/api.py:84]: No internet connection or host not found. Unable to fetch weather.
2026-08-13 20:13:41,851 [WARNING] [MainThread] [root/weather.py:565]: Error processing weather data: Weather data is empty.. Retrying fetch in 10 seconds.
2026-08-13 20:13:51,858 [ERROR] [MainThread] [root/api.py:84]: No internet connection or host not found. Unable to fetch weather.
2026-08-13 20:13:51,858 [WARNING] [MainThread] [root/weather.py:565]: Error processing weather data: Weather data is empty.. Retrying fetch in 10 seconds.
2026-08-13 20:14:01,862 [ERROR] [MainThread] [root/api.py:84]: No internet connection or host not found. Unable to fetch weather.
2026-08-13 20:14:01,862 [WARNING] [MainThread] [root/weather.py:565]: Error processing weather data: Weather data is empty.. Retrying fetch in 10 seconds.
2026-08-13 20:14:11,864 [ERROR] [MainThread] [root/api.py:84]: No internet connection or host not found. Unable to fetch weather.
2026-08-13 20:14:11,864 [WARNING] [MainThread] [root/weather.py:565]: Error processing weather data: Weather data is empty.. Retrying fetch in 10 seconds.
2026-08-13 20:14:21,866 [ERROR] [MainThread] [root/api.py:84]: No internet connection or host not found. Unable to fetch weather.
2026-08-13 20:14:21,866 [WARNING] [MainThread] [root/weather.py:565]: Error processing weather data: Weather data is empty.. Retrying fetch in 10 seconds.
2026-08-13 20:14:31,873 [ERROR] [MainThread] [root/api.py:84]: No internet connection or host not found. Unable to fetch weather.
2026-08-13 20:14:31,873 [WARNING] [MainThread] [root/weather.py:565]: Error processing weather data: Weather data is empty.. Retrying fetch in 10 seconds.
2026-08-13 20:14:41,881 [ERROR] [MainThread] [root/api.py:84]: No internet connection or host not found. Unable to fetch weather.
2026-08-13 20:14:41,881 [WARNING] [MainThread] [root/weather.py:565]: Error processing weather data: Weather data is empty.. Retrying fetch in 10 seconds.
2026-08-13 20:14:51,885 [ERROR] [MainThread] [root/api.py:84]: No internet connection or host not found. Unable to fetch weather.
2026-08-13 20:14:51,886 [WARNING] [MainThread] [root/weather.py:565]: Error processing weather data: Weather data is empty.. Retrying fetch in 10 seconds.
2026-08-13 20:15:01,891 [ERROR] [MainThread] [root/api.py:84]: No internet connection or host not found. Unable to fetch weather.
2026-08-13 20:15:01,891 [WARNING] [MainThread] [root/weather.py:565]: Error processing weather data: Weather data is empty.. Retrying fetch in 10 seconds.
2026-08-13 20:15:11,901 [ERROR] [MainThread] [root/api.py:84]: No internet connection or host not found. Unable to fetch weather.
2026-08-13 20:15:11,901 [WARNING] [MainThread] [root/weather.py:565]: Error processing weather data: Weather data is empty.. Retrying fetch in 10 seconds.
2026-08-13 20:15:21,916 [ERROR] [MainThread] [root/api.py:84]: No internet connection or host not found. Unable to fetch weather.
2026-08-13 20:15:21,916 [WARNING] [MainThread] [root/weather.py:565]: Error processing weather data: Weather data is empty.. Retrying fetch in 10 seconds.
2026-08-13 20:15:31,932 [ERROR] [MainThread] [root/api.py:84]: No internet connection or host not found. Unable to fetch weather.
2026-08-13 20:15:31,932 [WARNING] [MainThread] [root/weather.py:565]: Error processing weather data: Weather data is empty.. Retrying fetch in 10 seconds.
2026-08-13 20:15:41,946 [ERROR] [MainThread] [root/api.py:84]: No internet connection or host not found. Unable to fetch weather.
2026-08-13 20:15:41,946 [WARNING] [MainThread] [root/weather.py:565]: Error processing weather data: Weather data is empty.. Retrying fetch in 10 seconds.
2026-08-13 20:15:51,954 [ERROR] [MainThread] [root/api.py:84]: No internet connection or host not found. Unable to fetch weather.
2026-08-13 20:15:51,954 [WARNING] [MainThread] [root/weather.py:565]: Error processing weather data: Weather data is empty.. Retrying fetch in 10 seconds.
2026-08-13 20:16:01,966 [ERROR] [MainThread] [root/api.py:84]: No internet connection or host not found. Unable to fetch weather.
2026-08-13 20:16:01,966 [WARNING] [MainThread] [root/weather.py:565]: Error processing weather data: Weather data is empty.. Retrying fetch in 10 seconds.
2026-08-13 20:16:05,615 [INFO] [Dummy-6] [root/event_listener.py:147]: Komorebi connected to named pipe: yasb-f71da41f-978d-11f1-a220-9c2f9d779590
2026-08-13 20:16:11,964 [ERROR] [MainThread] [root/api.py:84]: No internet connection or host not found. Unable to fetch weather.
2026-08-13 20:16:11,965 [WARNING] [MainThread] [root/weather.py:565]: Error processing weather data: Weather data is empty.. Retrying fetch in 10 seconds.
2026-08-13 20:16:22,247 [INFO] [MainThread] [root/api.py:69]: Fetching new weather data at 2026-08-13 20:16:22.247602
2026-08-13 20:24:09,298 [INFO] [MainThread] [root/controller.py:43]: Exiting Application...
2026-08-13 20:24:09,399 [INFO] [MainThread] [cli_server/cli_server.py:114]: Log pipe server stopped
2026-08-13 20:24:09,448 [INFO] [MainThread] [root/bar_manager.py:119]: Stopping SystemEventListener...
2026-08-13 20:24:09,451 [INFO] [MainThread] [root/bar_manager.py:119]: Stopping KomorebiEventListener...
2026-08-13 20:24:09,455 [INFO] [MainThread] [taskbar_window_manager/window_manager.py:205]: TaskbarWindowManager stopped
2026-08-14 07:00:58,895 [INFO] [MainThread] [root/log.py:104]: YASB v2.0.6
2026-08-14 07:00:58,896 [INFO] [CLIPipeServer] [cli_server/cli_server.py:216]: CLI server started v1.1.7
2026-08-14 07:00:58,897 [INFO] [MainThread] [cli_server/cli_server.py:106]: Log pipe server started
2026-08-14 07:00:59,171 [INFO] [MainThread] [root/service.py:52]: AudioOutputService starting...
2026-08-14 07:00:59,455 [INFO] [MainThread] [taskbar_window_manager/window_manager.py:178]: TaskbarWindowManager is starting...
2026-08-14 07:00:59,459 [INFO] [MainThread] [root/bar_manager.py:103]: Starting KomorebiEventListener...
2026-08-14 07:00:59,459 [INFO] [MainThread] [root/bar_manager.py:103]: Starting SystemEventListener...
2026-08-14 07:00:59,460 [INFO] [MainThread] [root/watcher.py:65]: Watching directory: c:\users\admin\.config\yasb
2026-08-14 07:00:59,460 [INFO] [MainThread] [root/watcher.py:104]: Created file watcher
2026-08-14 07:00:59,461 [INFO] [Dummy-6] [root/event_listener.py:54]: Created named pipe yasb-93e40447-97e8-11f1-accc-f5eedc58b41c
2026-08-14 07:00:59,480 [INFO] [MainThread] [root/update_service.py:434]: Background update checker started
2026-08-14 07:00:59,542 [WARNING] [Dummy-6] [root/event_listener.py:134]: Komorebi failed to subscribe named pipe. Komorebi is not running, please start Komorebi.
2026-08-14 07:00:59,754 [INFO] [MainThread] [root/api.py:69]: Fetching new weather data at 2026-08-14 07:00:59.754071
2026-08-14 07:01:05,769 [INFO] [MainThread] [root/log.py:104]: YASB v2.0.6
2026-08-14 07:01:05,770 [INFO] [CLIPipeServer] [cli_server/cli_server.py:216]: CLI server started v1.1.7
2026-08-14 07:01:05,770 [INFO] [MainThread] [cli_server/cli_server.py:106]: Log pipe server started
2026-08-14 07:01:05,770 [ERROR] [MainThread] [root/main.py:77]: Another instance of the YASB is already running.
2026-08-14 07:04:12,473 [INFO] [Dummy-6] [root/event_listener.py:147]: Komorebi connected to named pipe: yasb-93e40447-97e8-11f1-accc-f5eedc58b41c
2026-08-14 07:05:54,557 [INFO] [MainThread] [root/bar_helper.py:594]: AppBarManager need to re-register 1 bar
2026-08-14 07:05:54,617 [INFO] [MainThread] [root/bar_helper.py:603]: Re-registered AppBar for primary-bar_DISPLAY1_383f767a (space reservation + fullscreen)
2026-08-14 07:20:59,257 [INFO] [MainThread] [root/api.py:69]: Fetching new weather data at 2026-08-14 07:20:59.257159
2026-08-14 07:40:59,239 [INFO] [MainThread] [root/api.py:69]: Fetching new weather data at 2026-08-14 07:40:59.239182
2026-08-14 08:00:59,402 [INFO] [MainThread] [root/api.py:69]: Fetching new weather data at 2026-08-14 08:00:59.402439
2026-08-14 08:05:25,107 [INFO] [MainThread] [root/controller.py:43]: Exiting Application...
2026-08-14 08:05:25,217 [INFO] [MainThread] [cli_server/cli_server.py:114]: Log pipe server stopped
2026-08-14 08:05:25,262 [INFO] [MainThread] [root/bar_manager.py:119]: Stopping KomorebiEventListener...
2026-08-14 08:05:25,264 [INFO] [MainThread] [root/bar_manager.py:119]: Stopping SystemEventListener...
2026-08-14 08:05:25,266 [INFO] [MainThread] [taskbar_window_manager/window_manager.py:205]: TaskbarWindowManager stopped
2026-08-14 20:35:56,911 [INFO] [MainThread] [root/log.py:104]: YASB v2.0.6
2026-08-14 20:35:56,911 [INFO] [CLIPipeServer] [cli_server/cli_server.py:216]: CLI server started v1.1.7
2026-08-14 20:35:56,912 [INFO] [MainThread] [cli_server/cli_server.py:106]: Log pipe server started
2026-08-14 20:35:57,173 [INFO] [MainThread] [root/service.py:52]: AudioOutputService starting...
2026-08-14 20:35:57,454 [INFO] [MainThread] [taskbar_window_manager/window_manager.py:178]: TaskbarWindowManager is starting...
2026-08-14 20:35:57,457 [INFO] [MainThread] [root/bar_manager.py:103]: Starting KomorebiEventListener...
2026-08-14 20:35:57,457 [INFO] [MainThread] [root/bar_manager.py:103]: Starting SystemEventListener...
2026-08-14 20:35:57,458 [INFO] [MainThread] [root/watcher.py:65]: Watching directory: c:\users\admin\.config\yasb
2026-08-14 20:35:57,458 [INFO] [MainThread] [root/watcher.py:104]: Created file watcher
2026-08-14 20:35:57,458 [INFO] [Dummy-6] [root/event_listener.py:54]: Created named pipe yasb-a7474b83-97f1-11f1-a9ec-9c2f9d779590
2026-08-14 20:35:57,478 [INFO] [MainThread] [root/update_service.py:434]: Background update checker started
2026-08-14 20:35:57,538 [WARNING] [Dummy-6] [root/event_listener.py:134]: Komorebi failed to subscribe named pipe. Komorebi is not running, please start Komorebi.
2026-08-14 20:35:58,151 [INFO] [MainThread] [root/api.py:69]: Fetching new weather data at 2026-08-14 20:35:58.151534
2026-08-14 20:36:06,107 [INFO] [MainThread] [root/log.py:104]: YASB v2.0.6
2026-08-14 20:36:06,107 [INFO] [CLIPipeServer] [cli_server/cli_server.py:216]: CLI server started v1.1.7
2026-08-14 20:36:06,108 [INFO] [MainThread] [cli_server/cli_server.py:106]: Log pipe server started
2026-08-14 20:36:06,108 [ERROR] [MainThread] [root/main.py:77]: Another instance of the YASB is already running.
2026-08-14 20:37:03,268 [INFO] [Dummy-6] [root/event_listener.py:147]: Komorebi connected to named pipe: yasb-a7474b83-97f1-11f1-a9ec-9c2f9d779590
2026-08-14 20:45:10,709 [INFO] [MainThread] [root/controller.py:43]: Exiting Application...
2026-08-14 20:45:10,813 [INFO] [MainThread] [cli_server/cli_server.py:114]: Log pipe server stopped
2026-08-14 20:45:10,851 [INFO] [MainThread] [root/bar_manager.py:119]: Stopping KomorebiEventListener...
2026-08-14 20:45:10,854 [INFO] [MainThread] [root/bar_manager.py:119]: Stopping SystemEventListener...
2026-08-14 20:45:10,856 [INFO] [MainThread] [taskbar_window_manager/window_manager.py:205]: TaskbarWindowManager stopped
2026-08-14 20:45:44,538 [INFO] [MainThread] [root/log.py:104]: YASB v2.0.6
2026-08-14 20:45:44,539 [INFO] [CLIPipeServer] [cli_server/cli_server.py:216]: CLI server started v1.1.7
2026-08-14 20:45:44,540 [INFO] [MainThread] [cli_server/cli_server.py:106]: Log pipe server started
2026-08-14 20:45:44,813 [INFO] [MainThread] [root/service.py:52]: AudioOutputService starting...
2026-08-14 20:45:45,094 [INFO] [MainThread] [taskbar_window_manager/window_manager.py:178]: TaskbarWindowManager is starting...
2026-08-14 20:45:45,097 [INFO] [MainThread] [root/bar_manager.py:103]: Starting SystemEventListener...
2026-08-14 20:45:45,098 [INFO] [MainThread] [root/bar_manager.py:103]: Starting KomorebiEventListener...
2026-08-14 20:45:45,098 [INFO] [MainThread] [root/watcher.py:65]: Watching directory: c:\users\admin\.config\yasb
2026-08-14 20:45:45,098 [INFO] [MainThread] [root/watcher.py:104]: Created file watcher
2026-08-14 20:45:45,099 [INFO] [Dummy-6] [root/event_listener.py:54]: Created named pipe yasb-058a1e32-97f3-11f1-a491-9c2f9d779590
2026-08-14 20:45:45,119 [INFO] [MainThread] [root/update_service.py:434]: Background update checker started
2026-08-14 20:45:45,178 [WARNING] [Dummy-6] [root/event_listener.py:134]: Komorebi failed to subscribe named pipe. Komorebi is not running, please start Komorebi.
2026-08-14 20:45:45,311 [ERROR] [MainThread] [root/api.py:84]: No internet connection or host not found. Unable to fetch weather.
2026-08-14 20:45:45,311 [WARNING] [MainThread] [root/weather.py:565]: Error processing weather data: Weather data is empty.. Retrying fetch in 10 seconds.
2026-08-14 20:45:55,317 [ERROR] [MainThread] [root/api.py:84]: No internet connection or host not found. Unable to fetch weather.
2026-08-14 20:45:55,318 [WARNING] [MainThread] [root/weather.py:565]: Error processing weather data: Weather data is empty.. Retrying fetch in 10 seconds.
2026-08-14 20:46:05,321 [ERROR] [MainThread] [root/api.py:84]: No internet connection or host not found. Unable to fetch weather.
2026-08-14 20:46:05,321 [WARNING] [MainThread] [root/weather.py:565]: Error processing weather data: Weather data is empty.. Retrying fetch in 10 seconds.
2026-08-14 20:46:15,323 [ERROR] [MainThread] [root/api.py:84]: No internet connection or host not found. Unable to fetch weather.
2026-08-14 20:46:15,324 [WARNING] [MainThread] [root/weather.py:565]: Error processing weather data: Weather data is empty.. Retrying fetch in 10 seconds.
2026-08-14 20:46:25,321 [ERROR] [MainThread] [root/api.py:84]: No internet connection or host not found. Unable to fetch weather.
2026-08-14 20:46:25,321 [WARNING] [MainThread] [root/weather.py:565]: Error processing weather data: Weather data is empty.. Retrying fetch in 10 seconds.
2026-08-14 20:46:35,309 [ERROR] [MainThread] [root/api.py:84]: No internet connection or host not found. Unable to fetch weather.
2026-08-14 20:46:35,309 [WARNING] [MainThread] [root/weather.py:565]: Error processing weather data: Weather data is empty.. Retrying fetch in 10 seconds.
2026-08-14 20:46:45,656 [INFO] [MainThread] [root/api.py:69]: Fetching new weather data at 2026-08-14 20:46:45.656023
2026-08-14 20:46:58,508 [INFO] [MainThread] [root/bar_helper.py:594]: AppBarManager need to re-register 1 bar
2026-08-14 20:46:58,527 [INFO] [MainThread] [root/bar_helper.py:603]: Re-registered AppBar for primary-bar_DISPLAY1_21b636ff (space reservation + fullscreen)
2026-08-14 20:47:11,184 [INFO] [Dummy-6] [root/event_listener.py:147]: Komorebi connected to named pipe: yasb-058a1e32-97f3-11f1-a491-9c2f9d779590
2026-08-14 21:05:45,329 [INFO] [MainThread] [root/api.py:69]: Fetching new weather data at 2026-08-14 21:05:45.326753
2026-08-14 21:08:36,280 [WARNING] [Dummy-6] [root/event_listener.py:95]: Pipe has been ended: (109, 'PeekNamedPipe', 'The pipe has been ended.')
2026-08-14 21:08:36,284 [INFO] [Dummy-6] [root/event_listener.py:107]: Attempting to reconnect to Komorebi...
2026-08-14 21:08:39,286 [INFO] [Dummy-6] [root/event_listener.py:54]: Created named pipe yasb-058a1e32-97f3-11f1-a491-9c2f9d779590
2026-08-14 21:08:39,352 [WARNING] [Dummy-6] [root/event_listener.py:134]: Komorebi failed to subscribe named pipe. Komorebi is not running, please start Komorebi.
2026-08-14 21:25:44,915 [INFO] [MainThread] [root/api.py:69]: Fetching new weather data at 2026-08-14 21:25:44.909594
2026-08-14 21:45:44,903 [INFO] [MainThread] [root/api.py:69]: Fetching new weather data at 2026-08-14 21:45:44.902854
2026-08-14 22:05:44,988 [INFO] [MainThread] [root/api.py:69]: Fetching new weather data at 2026-08-14 22:05:44.988013
2026-08-14 22:25:45,299 [INFO] [MainThread] [root/api.py:69]: Fetching new weather data at 2026-08-14 22:25:45.299003
2026-08-14 22:45:45,417 [INFO] [MainThread] [root/api.py:69]: Fetching new weather data at 2026-08-14 22:45:45.409909
2026-08-14 22:56:32,668 [INFO] [MainThread] [root/bar_helper.py:594]: AppBarManager need to re-register 1 bar
2026-08-14 22:56:32,679 [INFO] [MainThread] [root/bar_helper.py:603]: Re-registered AppBar for primary-bar_DISPLAY1_21b636ff (space reservation + fullscreen)
2026-08-14 22:56:59,891 [INFO] [MainThread] [root/bar_helper.py:594]: AppBarManager need to re-register 1 bar
2026-08-14 22:56:59,901 [INFO] [MainThread] [root/bar_helper.py:603]: Re-registered AppBar for primary-bar_DISPLAY1_21b636ff (space reservation + fullscreen)
2026-08-14 23:05:44,992 [INFO] [MainThread] [root/api.py:69]: Fetching new weather data at 2026-08-14 23:05:44.992290
2026-08-14 23:25:44,929 [INFO] [MainThread] [root/api.py:69]: Fetching new weather data at 2026-08-14 23:25:44.929220
2026-08-14 23:45:44,987 [INFO] [MainThread] [root/api.py:69]: Fetching new weather data at 2026-08-14 23:45:44.987459
2026-08-14 23:49:23,053 [INFO] [MainThread] [root/controller.py:43]: Exiting Application...
2026-08-14 23:49:23,168 [INFO] [MainThread] [cli_server/cli_server.py:114]: Log pipe server stopped
2026-08-14 23:49:23,227 [INFO] [MainThread] [root/bar_manager.py:119]: Stopping SystemEventListener...
2026-08-14 23:49:23,240 [INFO] [MainThread] [root/bar_manager.py:119]: Stopping KomorebiEventListener...
2026-08-14 23:49:23,247 [INFO] [MainThread] [taskbar_window_manager/window_manager.py:205]: TaskbarWindowManager stopped
2026-08-14 23:50:07,172 [INFO] [MainThread] [root/log.py:104]: YASB v2.0.6
2026-08-14 23:50:07,173 [INFO] [CLIPipeServer] [cli_server/cli_server.py:216]: CLI server started v1.1.7
2026-08-14 23:50:07,174 [INFO] [MainThread] [cli_server/cli_server.py:106]: Log pipe server started
2026-08-14 23:50:07,472 [INFO] [MainThread] [root/service.py:52]: AudioOutputService starting...
2026-08-14 23:50:07,759 [INFO] [MainThread] [taskbar_window_manager/window_manager.py:178]: TaskbarWindowManager is starting...
2026-08-14 23:50:07,763 [INFO] [MainThread] [root/bar_manager.py:103]: Starting SystemEventListener...
2026-08-14 23:50:07,763 [INFO] [MainThread] [root/bar_manager.py:103]: Starting KomorebiEventListener...
2026-08-14 23:50:07,764 [INFO] [MainThread] [root/watcher.py:65]: Watching directory: c:\users\admin\.config\yasb
2026-08-14 23:50:07,764 [INFO] [MainThread] [root/watcher.py:104]: Created file watcher
2026-08-14 23:50:07,764 [INFO] [Dummy-6] [root/event_listener.py:54]: Created named pipe yasb-c766e53e-980c-11f1-9bee-9c2f9d779590
2026-08-14 23:50:07,782 [INFO] [MainThread] [root/update_service.py:434]: Background update checker started
2026-08-14 23:50:07,853 [WARNING] [UpdateChecker] [root/update_service.py:300]: Network error checking for updates: [Errno 11001] getaddrinfo failed
2026-08-14 23:50:07,853 [WARNING] [UpdateChecker] [root/update_service.py:430]: Background update check failed: <urlopen error [Errno 11001] getaddrinfo failed>
2026-08-14 23:50:07,865 [ERROR] [MainThread] [root/api.py:84]: No internet connection or host not found. Unable to fetch weather.
2026-08-14 23:50:07,865 [WARNING] [MainThread] [root/weather.py:565]: Error processing weather data: Weather data is empty.. Retrying fetch in 10 seconds.
2026-08-14 23:50:07,877 [WARNING] [Dummy-6] [root/event_listener.py:134]: Komorebi failed to subscribe named pipe. Komorebi is not running, please start Komorebi.
2026-08-14 23:50:17,857 [ERROR] [MainThread] [root/api.py:84]: No internet connection or host not found. Unable to fetch weather.
2026-08-14 23:50:17,857 [WARNING] [MainThread] [root/weather.py:565]: Error processing weather data: Weather data is empty.. Retrying fetch in 10 seconds.
2026-08-14 23:50:27,859 [ERROR] [MainThread] [root/api.py:84]: No internet connection or host not found. Unable to fetch weather.
2026-08-14 23:50:27,859 [WARNING] [MainThread] [root/weather.py:565]: Error processing weather data: Weather data is empty.. Retrying fetch in 10 seconds.
2026-08-14 23:50:37,869 [ERROR] [MainThread] [root/api.py:84]: No internet connection or host not found. Unable to fetch weather.
2026-08-14 23:50:37,869 [WARNING] [MainThread] [root/weather.py:565]: Error processing weather data: Weather data is empty.. Retrying fetch in 10 seconds.
2026-08-14 23:50:49,139 [INFO] [MainThread] [root/api.py:69]: Fetching new weather data at 2026-08-14 23:50:49.139809
2026-08-15 00:10:07,680 [INFO] [MainThread] [root/api.py:69]: Fetching new weather data at 2026-08-15 00:10:07.680930
2026-08-15 00:30:07,585 [INFO] [MainThread] [root/api.py:69]: Fetching new weather data at 2026-08-15 00:30:07.584979
2026-08-15 00:44:02,188 [INFO] [MainThread] [root/bar_helper.py:594]: AppBarManager need to re-register 1 bar
2026-08-15 00:44:02,211 [INFO] [MainThread] [root/bar_helper.py:603]: Re-registered AppBar for primary-bar_DISPLAY1_5211c9fa (space reservation + fullscreen)
2026-08-15 00:44:28,109 [INFO] [Dummy-6] [root/event_listener.py:147]: Komorebi connected to named pipe: yasb-c766e53e-980c-11f1-9bee-9c2f9d779590
2026-08-15 00:45:00,352 [WARNING] [Dummy-6] [root/event_listener.py:95]: Pipe has been ended: (109, 'PeekNamedPipe', 'The pipe has been ended.')
2026-08-15 00:45:00,352 [INFO] [Dummy-6] [root/event_listener.py:107]: Attempting to reconnect to Komorebi...
2026-08-15 00:45:03,360 [INFO] [Dummy-6] [root/event_listener.py:54]: Created named pipe yasb-c766e53e-980c-11f1-9bee-9c2f9d779590
2026-08-15 00:45:03,415 [WARNING] [Dummy-6] [root/event_listener.py:134]: Komorebi failed to subscribe named pipe. Komorebi is not running, please start Komorebi.
2026-08-15 00:48:46,214 [INFO] [Dummy-6] [root/event_listener.py:147]: Komorebi connected to named pipe: yasb-c766e53e-980c-11f1-9bee-9c2f9d779590
2026-08-15 00:50:07,745 [INFO] [MainThread] [root/api.py:69]: Fetching new weather data at 2026-08-15 00:50:07.745176
2026-08-15 01:06:36,969 [INFO] [MainThread] [root/bar_helper.py:594]: AppBarManager need to re-register 1 bar
2026-08-15 01:06:36,987 [INFO] [MainThread] [root/bar_helper.py:603]: Re-registered AppBar for primary-bar_DISPLAY1_5211c9fa (space reservation + fullscreen)
2026-08-15 01:10:07,603 [INFO] [MainThread] [root/api.py:69]: Fetching new weather data at 2026-08-15 01:10:07.603900
Windows fatal exception: code 0x800706ba

Thread 0x00001b88 [Thread-4] (most recent call first):
  File "C:\hostedtoolcache\windows\Python\3.14.6\x64\Lib\threading.py", line 369 in wait
  File "C:\hostedtoolcache\windows\Python\3.14.6\x64\Lib\queue.py", line 199 in get
  File "D:\a\yasb\yasb\venv\Lib\site-packages\watchdog\observers\api.py", line 379 in dispatch_events
  File "D:\a\yasb\yasb\venv\Lib\site-packages\watchdog\observers\api.py", line 213 in run
  File "C:\hostedtoolcache\windows\Python\3.14.6\x64\Lib\threading.py", line 1082 in _bootstrap_inner
  File "C:\hostedtoolcache\windows\Python\3.14.6\x64\Lib\threading.py", line 1044 in _bootstrap

Thread 0x0000045c [KomorebiEventListener] (most recent call first):
  File "C:\hostedtoolcache\windows\Python\3.14.6\x64\Lib\threading.py", line 373 in wait
  File "C:\hostedtoolcache\windows\Python\3.14.6\x64\Lib\threading.py", line 670 in wait
  File "D:\a\yasb\yasb\src\core\widgets\services\komorebi\event_listener.py", line 75 in run

Thread 0x00001aa0 [SystemEventListener] (most recent call first):
  File "D:\a\yasb\yasb\src\core\utils\win32\event_listener.py", line 69 in run

Thread 0x00000ec4 [Thread-5] (most recent call first):
  File "D:\a\yasb\yasb\venv\Lib\site-packages\watchdog\observers\winapi.py", line 326 in read_directory_changes
  File "D:\a\yasb\yasb\venv\Lib\site-packages\watchdog\observers\winapi.py", line 380 in read_events
  File "D:\a\yasb\yasb\venv\Lib\site-packages\watchdog\observers\read_directory_changes.py", line 67 in _read_events
  File "D:\a\yasb\yasb\venv\Lib\site-packages\watchdog\observers\read_directory_changes.py", line 70 in queue_events
  File "D:\a\yasb\yasb\venv\Lib\site-packages\watchdog\observers\api.py", line 158 in run
  File "C:\hostedtoolcache\windows\Python\3.14.6\x64\Lib\threading.py", line 1082 in _bootstrap_inner
  File "C:\hostedtoolcache\windows\Python\3.14.6\x64\Lib\threading.py", line 1044 in _bootstrap

Thread 0x000014e0 [_EventWorker] (most recent call first):
  File "D:\a\yasb\yasb\venv\Lib\site-packages\qasync\_windows.py", line 147 in _poll
  File "D:\a\yasb\yasb\venv\Lib\site-packages\qasync\_windows.py", line 72 in select
  File "D:\a\yasb\yasb\venv\Lib\site-packages\qasync\_windows.py", line 199 in run

Thread 0x000008cc [LogPipeServer] (most recent call first):
  File "D:\a\yasb\yasb\src\core\utils\win32\bindings\kernel32.py", line 291 in ConnectNamedPipe
  File "D:\a\yasb\yasb\src\core\utils\cli_server.py", line 138 in _run_server
  File "C:\hostedtoolcache\windows\Python\3.14.6\x64\Lib\threading.py", line 1024 in run
  File "C:\hostedtoolcache\windows\Python\3.14.6\x64\Lib\threading.py", line 1082 in _bootstrap_inner
  File "C:\hostedtoolcache\windows\Python\3.14.6\x64\Lib\threading.py", line 1044 in _bootstrap

Thread 0x00001750 [CLIPipeServer] (most recent call first):
  File "D:\a\yasb\yasb\src\core\utils\win32\bindings\kernel32.py", line 291 in ConnectNamedPipe
  File "D:\a\yasb\yasb\src\core\utils\cli_server.py", line 235 in _run_server
  File "C:\hostedtoolcache\windows\Python\3.14.6\x64\Lib\threading.py", line 1024 in run
  File "C:\hostedtoolcache\windows\Python\3.14.6\x64\Lib\threading.py", line 1082 in _bootstrap_inner
  File "C:\hostedtoolcache\windows\Python\3.14.6\x64\Lib\threading.py", line 1044 in _bootstrap

Current thread 0x0000112c (most recent call first):
  File "D:\a\yasb\yasb\src\core\widgets\services\taskbar\application_window.py", line 254 in _is_ghost_uwp_app
  File "D:\a\yasb\yasb\src\core\widgets\services\taskbar\application_window.py", line 305 in is_taskbar_window
  File "D:\a\yasb\yasb\src\core\widgets\services\taskbar\window_manager.py", line 536 in _add_window
  File "D:\a\yasb\yasb\src\core\widgets\services\taskbar\window_manager.py", line 407 in _on_window_redraw
  File "D:\a\yasb\yasb\src\core\widgets\services\taskbar\window_manager.py", line 311 in _handle_shell_hook_message
  File "D:\a\yasb\yasb\src\core\widgets\services\taskbar\window_manager.py", line 116 in nativeEventFilter
  File "D:\a\yasb\yasb\venv\Lib\site-packages\qasync\__init__.py", line 404 in run_forever
  File "D:\a\yasb\yasb\venv\Lib\site-packages\qasync\__init__.py", line 428 in run_until_complete
  File "main.py", line 100 in main
  File "main.py", line 203 in <module>
  File "D:\a\yasb\yasb\venv\Lib\site-packages\freeze_core\initscripts\console.py", line 43 in run
  File "src/freeze_core/initscripts/__startup__.py", line 147 in run
Windows fatal exception: code 0x800706ba

Thread 0x00001b88 [Thread-4] (most recent call first):
  File "C:\hostedtoolcache\windows\Python\3.14.6\x64\Lib\threading.py", line 369 in wait
  File "C:\hostedtoolcache\windows\Python\3.14.6\x64\Lib\queue.py", line 199 in get
  File "D:\a\yasb\yasb\venv\Lib\site-packages\watchdog\observers\api.py", line 379 in dispatch_events
  File "D:\a\yasb\yasb\venv\Lib\site-packages\watchdog\observers\api.py", line 213 in run
  File "C:\hostedtoolcache\windows\Python\3.14.6\x64\Lib\threading.py", line 1082 in _bootstrap_inner
  File "C:\hostedtoolcache\windows\Python\3.14.6\x64\Lib\threading.py", line 1044 in _bootstrap

Thread 0x0000045c [KomorebiEventListener] (most recent call first):
  File "C:\hostedtoolcache\windows\Python\3.14.6\x64\Lib\threading.py", line 373 in wait
  File "C:\hostedtoolcache\windows\Python\3.14.6\x64\Lib\threading.py", line 670 in wait
  File "D:\a\yasb\yasb\src\core\widgets\services\komorebi\event_listener.py", line 75 in run

Thread 0x00001aa0 [SystemEventListener] (most recent call first):
  File "D:\a\yasb\yasb\src\core\utils\win32\event_listener.py", line 69 in run

Thread 0x00000ec4 [Thread-5] (most recent call first):
  File "D:\a\yasb\yasb\venv\Lib\site-packages\watchdog\observers\winapi.py", line 326 in read_directory_changes
  File "D:\a\yasb\yasb\venv\Lib\site-packages\watchdog\observers\winapi.py", line 380 in read_events
  File "D:\a\yasb\yasb\venv\Lib\site-packages\watchdog\observers\read_directory_changes.py", line 67 in _read_events
  File "D:\a\yasb\yasb\venv\Lib\site-packages\watchdog\observers\read_directory_changes.py", line 70 in queue_events
  File "D:\a\yasb\yasb\venv\Lib\site-packages\watchdog\observers\api.py", line 158 in run
  File "C:\hostedtoolcache\windows\Python\3.14.6\x64\Lib\threading.py", line 1082 in _bootstrap_inner
  File "C:\hostedtoolcache\windows\Python\3.14.6\x64\Lib\threading.py", line 1044 in _bootstrap

Thread 0x000014e0 [_EventWorker] (most recent call first):
  File "D:\a\yasb\yasb\venv\Lib\site-packages\qasync\_windows.py", line 147 in _poll
  File "D:\a\yasb\yasb\venv\Lib\site-packages\qasync\_windows.py", line 72 in select
  File "D:\a\yasb\yasb\venv\Lib\site-packages\qasync\_windows.py", line 199 in run

Thread 0x000008cc [LogPipeServer] (most recent call first):
  File "D:\a\yasb\yasb\src\core\utils\win32\bindings\kernel32.py", line 291 in ConnectNamedPipe
  File "D:\a\yasb\yasb\src\core\utils\cli_server.py", line 138 in _run_server
  File "C:\hostedtoolcache\windows\Python\3.14.6\x64\Lib\threading.py", line 1024 in run
  File "C:\hostedtoolcache\windows\Python\3.14.6\x64\Lib\threading.py", line 1082 in _bootstrap_inner
  File "C:\hostedtoolcache\windows\Python\3.14.6\x64\Lib\threading.py", line 1044 in _bootstrap

Thread 0x00001750 [CLIPipeServer] (most recent call first):
  File "D:\a\yasb\yasb\src\core\utils\win32\bindings\kernel32.py", line 291 in ConnectNamedPipe
  File "D:\a\yasb\yasb\src\core\utils\cli_server.py", line 235 in _run_server
  File "C:\hostedtoolcache\windows\Python\3.14.6\x64\Lib\threading.py", line 1024 in run
  File "C:\hostedtoolcache\windows\Python\3.14.6\x64\Lib\threading.py", line 1082 in _bootstrap_inner
  File "C:\hostedtoolcache\windows\Python\3.14.6\x64\Lib\threading.py", line 1044 in _bootstrap

Current thread 0x0000112c (most recent call first):
  File "D:\a\yasb\yasb\src\core\widgets\services\taskbar\application_window.py", line 254 in _is_ghost_uwp_app
  File "D:\a\yasb\yasb\src\core\widgets\services\taskbar\application_window.py", line 305 in is_taskbar_window
  File "D:\a\yasb\yasb\src\core\widgets\services\taskbar\window_manager.py", line 536 in _add_window
  File "D:\a\yasb\yasb\src\core\widgets\services\taskbar\window_manager.py", line 407 in _on_window_redraw
  File "D:\a\yasb\yasb\src\core\widgets\services\taskbar\window_manager.py", line 311 in _handle_shell_hook_message
  File "D:\a\yasb\yasb\src\core\widgets\services\taskbar\window_manager.py", line 116 in nativeEventFilter
  File "D:\a\yasb\yasb\venv\Lib\site-packages\qasync\__init__.py", line 404 in run_forever
  File "D:\a\yasb\yasb\venv\Lib\site-packages\qasync\__init__.py", line 428 in run_until_complete
  File "main.py", line 100 in main
  File "main.py", line 203 in <module>
  File "D:\a\yasb\yasb\venv\Lib\site-packages\freeze_core\initscripts\console.py", line 43 in run
  File "src/freeze_core/initscripts/__startup__.py", line 147 in run
2026-08-15 14:02:54,482 [INFO] [MainThread] [root/api.py:69]: Fetching new weather data at 2026-08-15 14:02:54.482381
2026-08-15 14:31:01,770 [ERROR] [MainThread] [root/api.py:84]: No internet connection or host not found. Unable to fetch weather.
2026-08-15 14:31:01,772 [WARNING] [MainThread] [root/weather.py:565]: Error processing weather data: Weather data is empty.. Retrying fetch in 10 seconds.
2026-08-15 14:31:11,963 [INFO] [MainThread] [root/api.py:69]: Fetching new weather data at 2026-08-15 14:31:11.963611
2026-08-15 14:51:00,693 [INFO] [MainThread] [root/api.py:69]: Fetching new weather data at 2026-08-15 14:51:00.693300
2026-08-15 15:11:00,813 [INFO] [MainThread] [root/api.py:69]: Fetching new weather data at 2026-08-15 15:11:00.813554
2026-08-15 15:31:02,550 [INFO] [MainThread] [root/api.py:69]: Fetching new weather data at 2026-08-15 15:31:02.550693
2026-08-15 15:51:00,862 [INFO] [MainThread] [root/api.py:69]: Fetching new weather data at 2026-08-15 15:51:00.862273
2026-08-15 16:11:00,712 [INFO] [MainThread] [root/api.py:69]: Fetching new weather data at 2026-08-15 16:11:00.712556
2026-08-15 16:31:00,841 [INFO] [MainThread] [root/api.py:69]: Fetching new weather data at 2026-08-15 16:31:00.841748
2026-08-15 16:51:00,985 [INFO] [MainThread] [root/api.py:69]: Fetching new weather data at 2026-08-15 16:51:00.985549
2026-08-15 17:01:01,245 [INFO] [MainThread] [root/controller.py:43]: Exiting Application...
2026-08-15 17:01:01,355 [INFO] [MainThread] [cli_server/cli_server.py:114]: Log pipe server stopped
2026-08-15 17:01:01,516 [INFO] [MainThread] [root/bar_manager.py:119]: Stopping SystemEventListener...
2026-08-15 17:01:01,535 [INFO] [MainThread] [root/bar_manager.py:119]: Stopping KomorebiEventListener...
2026-08-15 17:01:01,541 [INFO] [MainThread] [taskbar_window_manager/window_manager.py:205]: TaskbarWindowManager stopped
2026-08-16 08:01:40,948 [INFO] [MainThread] [root/log.py:104]: YASB v2.0.6
2026-08-16 08:01:40,949 [INFO] [CLIPipeServer] [cli_server/cli_server.py:216]: CLI server started v1.1.7
2026-08-16 08:01:40,949 [INFO] [MainThread] [cli_server/cli_server.py:106]: Log pipe server started
2026-08-16 08:01:41,395 [INFO] [MainThread] [root/service.py:52]: AudioOutputService starting...
2026-08-16 08:01:41,894 [INFO] [MainThread] [taskbar_window_manager/window_manager.py:178]: TaskbarWindowManager is starting...
2026-08-16 08:01:41,899 [INFO] [MainThread] [root/bar_manager.py:103]: Starting SystemEventListener...
2026-08-16 08:01:41,900 [INFO] [MainThread] [root/bar_manager.py:103]: Starting KomorebiEventListener...
2026-08-16 08:01:41,901 [INFO] [MainThread] [root/watcher.py:65]: Watching directory: c:\users\admin\.config\yasb
2026-08-16 08:01:41,901 [INFO] [MainThread] [root/watcher.py:104]: Created file watcher
2026-08-16 08:01:41,902 [INFO] [Dummy-6] [root/event_listener.py:54]: Created named pipe yasb-9db0c46d-991a-11f1-ac9f-9c2f9d779590
2026-08-16 08:01:41,932 [INFO] [MainThread] [root/update_service.py:434]: Background update checker started
2026-08-16 08:01:42,033 [WARNING] [Dummy-6] [root/event_listener.py:134]: Komorebi failed to subscribe named pipe. Komorebi is not running, please start Komorebi.
2026-08-16 08:01:42,721 [INFO] [MainThread] [root/api.py:69]: Fetching new weather data at 2026-08-16 08:01:42.721196
2026-08-16 08:21:41,586 [INFO] [MainThread] [root/api.py:69]: Fetching new weather data at 2026-08-16 08:21:41.586738
2026-08-16 08:41:41,694 [INFO] [MainThread] [root/api.py:69]: Fetching new weather data at 2026-08-16 08:41:41.694194
2026-08-16 09:01:41,541 [INFO] [MainThread] [root/api.py:69]: Fetching new weather data at 2026-08-16 09:01:41.541208
2026-08-16 09:21:41,645 [INFO] [MainThread] [root/api.py:69]: Fetching new weather data at 2026-08-16 09:21:41.644727
2026-08-16 09:41:41,582 [INFO] [MainThread] [root/api.py:69]: Fetching new weather data at 2026-08-16 09:41:41.582437
2026-08-16 10:01:41,630 [INFO] [MainThread] [root/api.py:69]: Fetching new weather data at 2026-08-16 10:01:41.630637
2026-08-16 10:21:41,599 [INFO] [MainThread] [root/api.py:69]: Fetching new weather data at 2026-08-16 10:21:41.596666
2026-08-16 10:41:41,685 [INFO] [MainThread] [root/api.py:69]: Fetching new weather data at 2026-08-16 10:41:41.685624
2026-08-16 11:01:42,292 [INFO] [MainThread] [root/api.py:69]: Fetching new weather data at 2026-08-16 11:01:42.292390
2026-08-16 11:19:09,216 [INFO] [Dummy-6] [root/event_listener.py:147]: Komorebi connected to named pipe: yasb-9db0c46d-991a-11f1-ac9f-9c2f9d779590
2026-08-16 11:21:41,799 [INFO] [MainThread] [root/api.py:69]: Fetching new weather data at 2026-08-16 11:21:41.799298
2026-08-16 11:41:41,654 [INFO] [MainThread] [root/api.py:69]: Fetching new weather data at 2026-08-16 11:41:41.654032
2026-08-16 12:01:42,970 [INFO] [MainThread] [root/api.py:69]: Fetching new weather data at 2026-08-16 12:01:42.970514
2026-08-16 12:21:42,023 [INFO] [MainThread] [root/api.py:69]: Fetching new weather data at 2026-08-16 12:21:42.018887
2026-08-16 12:41:41,560 [INFO] [MainThread] [root/api.py:69]: Fetching new weather data at 2026-08-16 12:41:41.560700
2026-08-16 13:01:41,786 [INFO] [MainThread] [root/api.py:69]: Fetching new weather data at 2026-08-16 13:01:41.786122
2026-08-16 13:21:42,025 [INFO] [MainThread] [root/api.py:69]: Fetching new weather data at 2026-08-16 13:21:42.019229
2026-08-16 13:33:09,393 [INFO] [MainThread] [root/controller.py:43]: Exiting Application...
2026-08-16 13:33:09,502 [INFO] [MainThread] [cli_server/cli_server.py:114]: Log pipe server stopped
2026-08-16 13:33:09,577 [INFO] [MainThread] [root/bar_manager.py:119]: Stopping SystemEventListener...
2026-08-16 13:33:09,584 [INFO] [MainThread] [root/bar_manager.py:119]: Stopping KomorebiEventListener...
2026-08-16 13:33:09,590 [INFO] [MainThread] [taskbar_window_manager/window_manager.py:205]: TaskbarWindowManager stopped
2026-08-16 20:56:37,750 [INFO] [MainThread] [root/log.py:104]: YASB v2.0.6
2026-08-16 20:56:37,751 [INFO] [CLIPipeServer] [cli_server/cli_server.py:216]: CLI server started v1.1.7
2026-08-16 20:56:37,752 [INFO] [MainThread] [cli_server/cli_server.py:106]: Log pipe server started
2026-08-16 20:56:38,060 [INFO] [MainThread] [root/service.py:52]: AudioOutputService starting...
2026-08-16 20:56:38,364 [INFO] [MainThread] [taskbar_window_manager/window_manager.py:178]: TaskbarWindowManager is starting...
2026-08-16 20:56:38,367 [INFO] [MainThread] [root/bar_manager.py:103]: Starting KomorebiEventListener...
2026-08-16 20:56:38,368 [INFO] [MainThread] [root/bar_manager.py:103]: Starting SystemEventListener...
2026-08-16 20:56:38,368 [INFO] [MainThread] [root/watcher.py:65]: Watching directory: c:\users\admin\.config\yasb
2026-08-16 20:56:38,368 [INFO] [MainThread] [root/watcher.py:104]: Created file watcher
2026-08-16 20:56:38,369 [INFO] [Dummy-6] [root/event_listener.py:54]: Created named pipe yasb-dfbeb1c8-9986-11f1-b6e7-9c2f9d779590
2026-08-16 20:56:38,393 [INFO] [MainThread] [root/update_service.py:434]: Background update checker started
2026-08-16 20:56:38,456 [WARNING] [UpdateChecker] [root/update_service.py:300]: Network error checking for updates: [Errno 11001] getaddrinfo failed
2026-08-16 20:56:38,456 [WARNING] [UpdateChecker] [root/update_service.py:430]: Background update check failed: <urlopen error [Errno 11001] getaddrinfo failed>
2026-08-16 20:56:38,459 [WARNING] [Dummy-6] [root/event_listener.py:134]: Komorebi failed to subscribe named pipe. Komorebi is not running, please start Komorebi.
2026-08-16 20:56:38,460 [ERROR] [MainThread] [root/api.py:84]: No internet connection or host not found. Unable to fetch weather.
2026-08-16 20:56:38,460 [WARNING] [MainThread] [root/weather.py:565]: Error processing weather data: Weather data is empty.. Retrying fetch in 10 seconds.
2026-08-16 20:56:48,455 [ERROR] [MainThread] [root/api.py:84]: No internet connection or host not found. Unable to fetch weather.
2026-08-16 20:56:48,456 [WARNING] [MainThread] [root/weather.py:565]: Error processing weather data: Weather data is empty.. Retrying fetch in 10 seconds.
2026-08-16 20:56:58,462 [ERROR] [MainThread] [root/api.py:84]: No internet connection or host not found. Unable to fetch weather.
2026-08-16 20:56:58,462 [WARNING] [MainThread] [root/weather.py:565]: Error processing weather data: Weather data is empty.. Retrying fetch in 10 seconds.
2026-08-16 20:57:08,470 [ERROR] [MainThread] [root/api.py:84]: No internet connection or host not found. Unable to fetch weather.
2026-08-16 20:57:08,470 [WARNING] [MainThread] [root/weather.py:565]: Error processing weather data: Weather data is empty.. Retrying fetch in 10 seconds.
2026-08-16 20:57:18,476 [ERROR] [MainThread] [root/api.py:84]: No internet connection or host not found. Unable to fetch weather.
2026-08-16 20:57:18,477 [WARNING] [MainThread] [root/weather.py:565]: Error processing weather data: Weather data is empty.. Retrying fetch in 10 seconds.
2026-08-16 20:57:28,469 [ERROR] [MainThread] [root/api.py:84]: No internet connection or host not found. Unable to fetch weather.
2026-08-16 20:57:28,470 [WARNING] [MainThread] [root/weather.py:565]: Error processing weather data: Weather data is empty.. Retrying fetch in 10 seconds.
2026-08-16 20:57:38,478 [ERROR] [MainThread] [root/api.py:84]: No internet connection or host not found. Unable to fetch weather.
2026-08-16 20:57:38,479 [WARNING] [MainThread] [root/weather.py:565]: Error processing weather data: Weather data is empty.. Retrying fetch in 10 seconds.
2026-08-16 20:57:49,735 [ERROR] [MainThread] [root/api.py:84]: No internet connection or host not found. Unable to fetch weather.
2026-08-16 20:57:49,735 [WARNING] [MainThread] [root/weather.py:565]: Error processing weather data: Weather data is empty.. Retrying fetch in 10 seconds.
2026-08-16 20:57:59,748 [ERROR] [MainThread] [root/api.py:84]: No internet connection or host not found. Unable to fetch weather.
2026-08-16 20:57:59,749 [WARNING] [MainThread] [root/weather.py:565]: Error processing weather data: Weather data is empty.. Retrying fetch in 10 seconds.
2026-08-16 20:58:09,750 [ERROR] [MainThread] [root/api.py:84]: No internet connection or host not found. Unable to fetch weather.
2026-08-16 20:58:09,751 [WARNING] [MainThread] [root/weather.py:565]: Error processing weather data: Weather data is empty.. Retrying fetch in 10 seconds.
2026-08-16 20:58:19,761 [ERROR] [MainThread] [root/api.py:84]: No internet connection or host not found. Unable to fetch weather.
2026-08-16 20:58:19,761 [WARNING] [MainThread] [root/weather.py:565]: Error processing weather data: Weather data is empty.. Retrying fetch in 10 seconds.
2026-08-16 20:58:29,762 [ERROR] [MainThread] [root/api.py:84]: No internet connection or host not found. Unable to fetch weather.
2026-08-16 20:58:29,762 [WARNING] [MainThread] [root/weather.py:565]: Error processing weather data: Weather data is empty.. Retrying fetch in 10 seconds.
2026-08-16 20:58:39,779 [ERROR] [MainThread] [root/api.py:84]: No internet connection or host not found. Unable to fetch weather.
2026-08-16 20:58:39,780 [WARNING] [MainThread] [root/weather.py:565]: Error processing weather data: Weather data is empty.. Retrying fetch in 10 seconds.
2026-08-16 20:58:49,789 [ERROR] [MainThread] [root/api.py:84]: No internet connection or host not found. Unable to fetch weather.
2026-08-16 20:58:49,789 [WARNING] [MainThread] [root/weather.py:565]: Error processing weather data: Weather data is empty.. Retrying fetch in 10 seconds.
2026-08-16 20:58:59,781 [ERROR] [MainThread] [root/api.py:84]: No internet connection or host not found. Unable to fetch weather.
2026-08-16 20:58:59,781 [WARNING] [MainThread] [root/weather.py:565]: Error processing weather data: Weather data is empty.. Retrying fetch in 10 seconds.
2026-08-16 20:59:09,783 [ERROR] [MainThread] [root/api.py:84]: No internet connection or host not found. Unable to fetch weather.
2026-08-16 20:59:09,784 [WARNING] [MainThread] [root/weather.py:565]: Error processing weather data: Weather data is empty.. Retrying fetch in 10 seconds.
2026-08-16 20:59:19,792 [ERROR] [MainThread] [root/api.py:84]: No internet connection or host not found. Unable to fetch weather.
2026-08-16 20:59:19,793 [WARNING] [MainThread] [root/weather.py:565]: Error processing weather data: Weather data is empty.. Retrying fetch in 10 seconds.
2026-08-16 20:59:29,803 [ERROR] [MainThread] [root/api.py:84]: No internet connection or host not found. Unable to fetch weather.
2026-08-16 20:59:29,803 [WARNING] [MainThread] [root/weather.py:565]: Error processing weather data: Weather data is empty.. Retrying fetch in 10 seconds.
2026-08-16 20:59:39,806 [ERROR] [MainThread] [root/api.py:84]: No internet connection or host not found. Unable to fetch weather.
2026-08-16 20:59:39,807 [WARNING] [MainThread] [root/weather.py:565]: Error processing weather data: Weather data is empty.. Retrying fetch in 10 seconds.
2026-08-16 20:59:49,823 [ERROR] [MainThread] [root/api.py:84]: No internet connection or host not found. Unable to fetch weather.
2026-08-16 20:59:49,823 [WARNING] [MainThread] [root/weather.py:565]: Error processing weather data: Weather data is empty.. Retrying fetch in 10 seconds.
2026-08-16 20:59:59,832 [ERROR] [MainThread] [root/api.py:84]: No internet connection or host not found. Unable to fetch weather.
2026-08-16 20:59:59,832 [WARNING] [MainThread] [root/weather.py:565]: Error processing weather data: Weather data is empty.. Retrying fetch in 10 seconds.
2026-08-16 21:00:09,834 [ERROR] [MainThread] [root/api.py:84]: No internet connection or host not found. Unable to fetch weather.
2026-08-16 21:00:09,835 [WARNING] [MainThread] [root/weather.py:565]: Error processing weather data: Weather data is empty.. Retrying fetch in 10 seconds.
2026-08-16 21:00:19,839 [ERROR] [MainThread] [root/api.py:84]: No internet connection or host not found. Unable to fetch weather.
2026-08-16 21:00:19,839 [WARNING] [MainThread] [root/weather.py:565]: Error processing weather data: Weather data is empty.. Retrying fetch in 10 seconds.
2026-08-16 21:00:29,845 [ERROR] [MainThread] [root/api.py:84]: No internet connection or host not found. Unable to fetch weather.
2026-08-16 21:00:29,846 [WARNING] [MainThread] [root/weather.py:565]: Error processing weather data: Weather data is empty.. Retrying fetch in 10 seconds.
2026-08-16 21:00:39,856 [ERROR] [MainThread] [root/api.py:84]: No internet connection or host not found. Unable to fetch weather.
2026-08-16 21:00:39,856 [WARNING] [MainThread] [root/weather.py:565]: Error processing weather data: Weather data is empty.. Retrying fetch in 10 seconds.
2026-08-16 21:00:49,869 [ERROR] [MainThread] [root/api.py:84]: No internet connection or host not found. Unable to fetch weather.
2026-08-16 21:00:49,869 [WARNING] [MainThread] [root/weather.py:565]: Error processing weather data: Weather data is empty.. Retrying fetch in 10 seconds.
2026-08-16 21:00:59,895 [ERROR] [MainThread] [root/api.py:84]: No internet connection or host not found. Unable to fetch weather.
2026-08-16 21:00:59,896 [WARNING] [MainThread] [root/weather.py:565]: Error processing weather data: Weather data is empty.. Retrying fetch in 10 seconds.
2026-08-16 21:01:09,895 [ERROR] [MainThread] [root/api.py:84]: No internet connection or host not found. Unable to fetch weather.
2026-08-16 21:01:09,895 [WARNING] [MainThread] [root/weather.py:565]: Error processing weather data: Weather data is empty.. Retrying fetch in 10 seconds.
2026-08-16 21:01:19,899 [ERROR] [MainThread] [root/api.py:84]: No internet connection or host not found. Unable to fetch weather.
2026-08-16 21:01:19,899 [WARNING] [MainThread] [root/weather.py:565]: Error processing weather data: Weather data is empty.. Retrying fetch in 10 seconds.
2026-08-16 21:01:29,905 [ERROR] [MainThread] [root/api.py:84]: No internet connection or host not found. Unable to fetch weather.
2026-08-16 21:01:29,905 [WARNING] [MainThread] [root/weather.py:565]: Error processing weather data: Weather data is empty.. Retrying fetch in 10 seconds.
2026-08-16 21:01:39,914 [ERROR] [MainThread] [root/api.py:84]: No internet connection or host not found. Unable to fetch weather.
2026-08-16 21:01:39,915 [WARNING] [MainThread] [root/weather.py:565]: Error processing weather data: Weather data is empty.. Retrying fetch in 10 seconds.
2026-08-16 21:01:49,930 [ERROR] [MainThread] [root/api.py:84]: No internet connection or host not found. Unable to fetch weather.
2026-08-16 21:01:49,931 [WARNING] [MainThread] [root/weather.py:565]: Error processing weather data: Weather data is empty.. Retrying fetch in 10 seconds.
2026-08-16 21:01:59,948 [ERROR] [MainThread] [root/api.py:84]: No internet connection or host not found. Unable to fetch weather.
2026-08-16 21:01:59,948 [WARNING] [MainThread] [root/weather.py:565]: Error processing weather data: Weather data is empty.. Retrying fetch in 10 seconds.
2026-08-16 21:02:09,956 [ERROR] [MainThread] [root/api.py:84]: No internet connection or host not found. Unable to fetch weather.
2026-08-16 21:02:09,957 [WARNING] [MainThread] [root/weather.py:565]: Error processing weather data: Weather data is empty.. Retrying fetch in 10 seconds.
2026-08-16 21:02:19,980 [ERROR] [MainThread] [root/api.py:84]: No internet connection or host not found. Unable to fetch weather.
2026-08-16 21:02:19,980 [WARNING] [MainThread] [root/weather.py:565]: Error processing weather data: Weather data is empty.. Retrying fetch in 10 seconds.
2026-08-16 21:02:29,999 [ERROR] [MainThread] [root/api.py:84]: No internet connection or host not found. Unable to fetch weather.
2026-08-16 21:02:29,999 [WARNING] [MainThread] [root/weather.py:565]: Error processing weather data: Weather data is empty.. Retrying fetch in 10 seconds.
2026-08-16 21:02:40,004 [ERROR] [MainThread] [root/api.py:84]: No internet connection or host not found. Unable to fetch weather.
2026-08-16 21:02:40,005 [WARNING] [MainThread] [root/weather.py:565]: Error processing weather data: Weather data is empty.. Retrying fetch in 10 seconds.
2026-08-16 21:02:50,013 [ERROR] [MainThread] [root/api.py:84]: No internet connection or host not found. Unable to fetch weather.
2026-08-16 21:02:50,013 [WARNING] [MainThread] [root/weather.py:565]: Error processing weather data: Weather data is empty.. Retrying fetch in 10 seconds.
2026-08-16 21:03:00,021 [ERROR] [MainThread] [root/api.py:84]: No internet connection or host not found. Unable to fetch weather.
2026-08-16 21:03:00,021 [WARNING] [MainThread] [root/weather.py:565]: Error processing weather data: Weather data is empty.. Retrying fetch in 10 seconds.
2026-08-16 21:03:10,020 [ERROR] [MainThread] [root/api.py:84]: No internet connection or host not found. Unable to fetch weather.
2026-08-16 21:03:10,020 [WARNING] [MainThread] [root/weather.py:565]: Error processing weather data: Weather data is empty.. Retrying fetch in 10 seconds.
2026-08-16 21:03:20,018 [ERROR] [MainThread] [root/api.py:84]: No internet connection or host not found. Unable to fetch weather.
2026-08-16 21:03:20,018 [WARNING] [MainThread] [root/weather.py:565]: Error processing weather data: Weather data is empty.. Retrying fetch in 10 seconds.
2026-08-16 21:03:30,027 [ERROR] [MainThread] [root/api.py:84]: No internet connection or host not found. Unable to fetch weather.
2026-08-16 21:03:30,028 [WARNING] [MainThread] [root/weather.py:565]: Error processing weather data: Weather data is empty.. Retrying fetch in 10 seconds.
2026-08-16 21:03:40,050 [ERROR] [MainThread] [root/api.py:84]: No internet connection or host not found. Unable to fetch weather.
2026-08-16 21:03:40,051 [WARNING] [MainThread] [root/weather.py:565]: Error processing weather data: Weather data is empty.. Retrying fetch in 10 seconds.
2026-08-16 21:03:50,050 [ERROR] [MainThread] [root/api.py:84]: No internet connection or host not found. Unable to fetch weather.
2026-08-16 21:03:50,051 [WARNING] [MainThread] [root/weather.py:565]: Error processing weather data: Weather data is empty.. Retrying fetch in 10 seconds.
2026-08-16 21:04:00,053 [ERROR] [MainThread] [root/api.py:84]: No internet connection or host not found. Unable to fetch weather.
2026-08-16 21:04:00,053 [WARNING] [MainThread] [root/weather.py:565]: Error processing weather data: Weather data is empty.. Retrying fetch in 10 seconds.
2026-08-16 21:04:10,060 [ERROR] [MainThread] [root/api.py:84]: No internet connection or host not found. Unable to fetch weather.
2026-08-16 21:04:10,060 [WARNING] [MainThread] [root/weather.py:565]: Error processing weather data: Weather data is empty.. Retrying fetch in 10 seconds.
2026-08-16 21:04:20,062 [ERROR] [MainThread] [root/api.py:84]: No internet connection or host not found. Unable to fetch weather.
2026-08-16 21:04:20,063 [WARNING] [MainThread] [root/weather.py:565]: Error processing weather data: Weather data is empty.. Retrying fetch in 10 seconds.
2026-08-16 21:04:30,069 [ERROR] [MainThread] [root/api.py:84]: No internet connection or host not found. Unable to fetch weather.
2026-08-16 21:04:30,069 [WARNING] [MainThread] [root/weather.py:565]: Error processing weather data: Weather data is empty.. Retrying fetch in 10 seconds.
2026-08-16 21:04:40,063 [ERROR] [MainThread] [root/api.py:84]: No internet connection or host not found. Unable to fetch weather.
2026-08-16 21:04:40,063 [WARNING] [MainThread] [root/weather.py:565]: Error processing weather data: Weather data is empty.. Retrying fetch in 10 seconds.
2026-08-16 21:04:50,078 [ERROR] [MainThread] [root/api.py:84]: No internet connection or host not found. Unable to fetch weather.
2026-08-16 21:04:50,079 [WARNING] [MainThread] [root/weather.py:565]: Error processing weather data: Weather data is empty.. Retrying fetch in 10 seconds.
2026-08-16 21:05:00,106 [ERROR] [MainThread] [root/api.py:84]: No internet connection or host not found. Unable to fetch weather.
2026-08-16 21:05:00,106 [WARNING] [MainThread] [root/weather.py:565]: Error processing weather data: Weather data is empty.. Retrying fetch in 10 seconds.
2026-08-16 21:05:10,109 [ERROR] [MainThread] [root/api.py:84]: No internet connection or host not found. Unable to fetch weather.
2026-08-16 21:05:10,110 [WARNING] [MainThread] [root/weather.py:565]: Error processing weather data: Weather data is empty.. Retrying fetch in 10 seconds.
2026-08-16 21:05:20,113 [ERROR] [MainThread] [root/api.py:84]: No internet connection or host not found. Unable to fetch weather.
2026-08-16 21:05:20,114 [WARNING] [MainThread] [root/weather.py:565]: Error processing weather data: Weather data is empty.. Retrying fetch in 10 seconds.
2026-08-16 21:05:30,121 [ERROR] [MainThread] [root/api.py:84]: No internet connection or host not found. Unable to fetch weather.
2026-08-16 21:05:30,121 [WARNING] [MainThread] [root/weather.py:565]: Error processing weather data: Weather data is empty.. Retrying fetch in 10 seconds.
2026-08-16 21:05:40,130 [ERROR] [MainThread] [root/api.py:84]: No internet connection or host not found. Unable to fetch weather.
2026-08-16 21:05:40,130 [WARNING] [MainThread] [root/weather.py:565]: Error processing weather data: Weather data is empty.. Retrying fetch in 10 seconds.
2026-08-16 21:05:50,125 [ERROR] [MainThread] [root/api.py:84]: No internet connection or host not found. Unable to fetch weather.
2026-08-16 21:05:50,125 [WARNING] [MainThread] [root/weather.py:565]: Error processing weather data: Weather data is empty.. Retrying fetch in 10 seconds.
2026-08-16 21:06:00,128 [ERROR] [MainThread] [root/api.py:84]: No internet connection or host not found. Unable to fetch weather.
2026-08-16 21:06:00,129 [WARNING] [MainThread] [root/weather.py:565]: Error processing weather data: Weather data is empty.. Retrying fetch in 10 seconds.
2026-08-16 21:06:10,145 [ERROR] [MainThread] [root/api.py:84]: No internet connection or host not found. Unable to fetch weather.
2026-08-16 21:06:10,145 [WARNING] [MainThread] [root/weather.py:565]: Error processing weather data: Weather data is empty.. Retrying fetch in 10 seconds.
2026-08-16 21:06:20,235 [ERROR] [MainThread] [root/api.py:84]: No internet connection or host not found. Unable to fetch weather.
2026-08-16 21:06:20,235 [WARNING] [MainThread] [root/weather.py:565]: Error processing weather data: Weather data is empty.. Retrying fetch in 10 seconds.
2026-08-16 21:06:30,258 [ERROR] [MainThread] [root/api.py:84]: No internet connection or host not found. Unable to fetch weather.
2026-08-16 21:06:30,258 [WARNING] [MainThread] [root/weather.py:565]: Error processing weather data: Weather data is empty.. Retrying fetch in 10 seconds.
2026-08-16 21:06:40,250 [ERROR] [MainThread] [root/api.py:84]: No internet connection or host not found. Unable to fetch weather.
2026-08-16 21:06:40,250 [WARNING] [MainThread] [root/weather.py:565]: Error processing weather data: Weather data is empty.. Retrying fetch in 10 seconds.
2026-08-16 21:06:50,258 [ERROR] [MainThread] [root/api.py:84]: No internet connection or host not found. Unable to fetch weather.
2026-08-16 21:06:50,258 [WARNING] [MainThread] [root/weather.py:565]: Error processing weather data: Weather data is empty.. Retrying fetch in 10 seconds.
2026-08-16 21:07:00,268 [ERROR] [MainThread] [root/api.py:84]: No internet connection or host not found. Unable to fetch weather.
2026-08-16 21:07:00,268 [WARNING] [MainThread] [root/weather.py:565]: Error processing weather data: Weather data is empty.. Retrying fetch in 10 seconds.
2026-08-16 21:07:10,269 [ERROR] [MainThread] [root/api.py:84]: No internet connection or host not found. Unable to fetch weather.
2026-08-16 21:07:10,269 [WARNING] [MainThread] [root/weather.py:565]: Error processing weather data: Weather data is empty.. Retrying fetch in 10 seconds.
2026-08-16 21:07:20,267 [ERROR] [MainThread] [root/api.py:84]: No internet connection or host not found. Unable to fetch weather.
2026-08-16 21:07:20,267 [WARNING] [MainThread] [root/weather.py:565]: Error processing weather data: Weather data is empty.. Retrying fetch in 10 seconds.
2026-08-16 21:07:30,274 [ERROR] [MainThread] [root/api.py:84]: No internet connection or host not found. Unable to fetch weather.
2026-08-16 21:07:30,274 [WARNING] [MainThread] [root/weather.py:565]: Error processing weather data: Weather data is empty.. Retrying fetch in 10 seconds.
2026-08-16 21:07:40,264 [ERROR] [MainThread] [root/api.py:84]: No internet connection or host not found. Unable to fetch weather.
2026-08-16 21:07:40,264 [WARNING] [MainThread] [root/weather.py:565]: Error processing weather data: Weather data is empty.. Retrying fetch in 10 seconds.
2026-08-16 21:07:50,270 [ERROR] [MainThread] [root/api.py:84]: No internet connection or host not found. Unable to fetch weather.
2026-08-16 21:07:50,270 [WARNING] [MainThread] [root/weather.py:565]: Error processing weather data: Weather data is empty.. Retrying fetch in 10 seconds.
2026-08-16 21:08:00,272 [ERROR] [MainThread] [root/api.py:84]: No internet connection or host not found. Unable to fetch weather.
2026-08-16 21:08:00,272 [WARNING] [MainThread] [root/weather.py:565]: Error processing weather data: Weather data is empty.. Retrying fetch in 10 seconds.
2026-08-16 21:08:10,269 [ERROR] [MainThread] [root/api.py:84]: No internet connection or host not found. Unable to fetch weather.
2026-08-16 21:08:10,269 [WARNING] [MainThread] [root/weather.py:565]: Error processing weather data: Weather data is empty.. Retrying fetch in 10 seconds.
2026-08-16 21:08:20,273 [ERROR] [MainThread] [root/api.py:84]: No internet connection or host not found. Unable to fetch weather.
2026-08-16 21:08:20,273 [WARNING] [MainThread] [root/weather.py:565]: Error processing weather data: Weather data is empty.. Retrying fetch in 10 seconds.
2026-08-16 21:08:30,274 [ERROR] [MainThread] [root/api.py:84]: No internet connection or host not found. Unable to fetch weather.
2026-08-16 21:08:30,275 [WARNING] [MainThread] [root/weather.py:565]: Error processing weather data: Weather data is empty.. Retrying fetch in 10 seconds.
2026-08-16 21:08:40,275 [ERROR] [MainThread] [root/api.py:84]: No internet connection or host not found. Unable to fetch weather.
2026-08-16 21:08:40,276 [WARNING] [MainThread] [root/weather.py:565]: Error processing weather data: Weather data is empty.. Retrying fetch in 10 seconds.
2026-08-16 21:08:50,301 [ERROR] [MainThread] [root/api.py:84]: No internet connection or host not found. Unable to fetch weather.
2026-08-16 21:08:50,301 [WARNING] [MainThread] [root/weather.py:565]: Error processing weather data: Weather data is empty.. Retrying fetch in 10 seconds.
2026-08-16 21:09:00,309 [ERROR] [MainThread] [root/api.py:84]: No internet connection or host not found. Unable to fetch weather.
2026-08-16 21:09:00,309 [WARNING] [MainThread] [root/weather.py:565]: Error processing weather data: Weather data is empty.. Retrying fetch in 10 seconds.
2026-08-16 21:09:10,308 [ERROR] [MainThread] [root/api.py:84]: No internet connection or host not found. Unable to fetch weather.
2026-08-16 21:09:10,308 [WARNING] [MainThread] [root/weather.py:565]: Error processing weather data: Weather data is empty.. Retrying fetch in 10 seconds.
2026-08-16 21:09:20,321 [ERROR] [MainThread] [root/api.py:84]: No internet connection or host not found. Unable to fetch weather.
2026-08-16 21:09:20,321 [WARNING] [MainThread] [root/weather.py:565]: Error processing weather data: Weather data is empty.. Retrying fetch in 10 seconds.
2026-08-16 21:09:30,334 [ERROR] [MainThread] [root/api.py:84]: No internet connection or host not found. Unable to fetch weather.
2026-08-16 21:09:30,335 [WARNING] [MainThread] [root/weather.py:565]: Error processing weather data: Weather data is empty.. Retrying fetch in 10 seconds.
2026-08-16 21:09:40,353 [ERROR] [MainThread] [root/api.py:84]: No internet connection or host not found. Unable to fetch weather.
2026-08-16 21:09:40,354 [WARNING] [MainThread] [root/weather.py:565]: Error processing weather data: Weather data is empty.. Retrying fetch in 10 seconds.
2026-08-16 21:09:50,367 [ERROR] [MainThread] [root/api.py:84]: No internet connection or host not found. Unable to fetch weather.
2026-08-16 21:09:50,368 [WARNING] [MainThread] [root/weather.py:565]: Error processing weather data: Weather data is empty.. Retrying fetch in 10 seconds.
2026-08-16 21:10:00,384 [ERROR] [MainThread] [root/api.py:84]: No internet connection or host not found. Unable to fetch weather.
2026-08-16 21:10:00,384 [WARNING] [MainThread] [root/weather.py:565]: Error processing weather data: Weather data is empty.. Retrying fetch in 10 seconds.
2026-08-16 21:10:10,387 [ERROR] [MainThread] [root/api.py:84]: No internet connection or host not found. Unable to fetch weather.
2026-08-16 21:10:10,387 [WARNING] [MainThread] [root/weather.py:565]: Error processing weather data: Weather data is empty.. Retrying fetch in 10 seconds.
2026-08-16 21:10:20,396 [ERROR] [MainThread] [root/api.py:84]: No internet connection or host not found. Unable to fetch weather.
2026-08-16 21:10:20,396 [WARNING] [MainThread] [root/weather.py:565]: Error processing weather data: Weather data is empty.. Retrying fetch in 10 seconds.
2026-08-16 21:10:30,397 [ERROR] [MainThread] [root/api.py:84]: No internet connection or host not found. Unable to fetch weather.
2026-08-16 21:10:30,398 [WARNING] [MainThread] [root/weather.py:565]: Error processing weather data: Weather data is empty.. Retrying fetch in 10 seconds.
2026-08-16 21:10:40,393 [ERROR] [MainThread] [root/api.py:84]: No internet connection or host not found. Unable to fetch weather.
2026-08-16 21:10:40,393 [WARNING] [MainThread] [root/weather.py:565]: Error processing weather data: Weather data is empty.. Retrying fetch in 10 seconds.
2026-08-16 21:10:50,403 [ERROR] [MainThread] [root/api.py:84]: No internet connection or host not found. Unable to fetch weather.
2026-08-16 21:10:50,403 [WARNING] [MainThread] [root/weather.py:565]: Error processing weather data: Weather data is empty.. Retrying fetch in 10 seconds.
2026-08-16 21:11:00,415 [ERROR] [MainThread] [root/api.py:84]: No internet connection or host not found. Unable to fetch weather.
2026-08-16 21:11:00,415 [WARNING] [MainThread] [root/weather.py:565]: Error processing weather data: Weather data is empty.. Retrying fetch in 10 seconds.
2026-08-16 21:11:10,403 [ERROR] [MainThread] [root/api.py:84]: No internet connection or host not found. Unable to fetch weather.
2026-08-16 21:11:10,403 [WARNING] [MainThread] [root/weather.py:565]: Error processing weather data: Weather data is empty.. Retrying fetch in 10 seconds.
2026-08-16 21:11:20,431 [ERROR] [MainThread] [root/api.py:84]: No internet connection or host not found. Unable to fetch weather.
2026-08-16 21:11:20,431 [WARNING] [MainThread] [root/weather.py:565]: Error processing weather data: Weather data is empty.. Retrying fetch in 10 seconds.
2026-08-16 21:11:30,432 [ERROR] [MainThread] [root/api.py:84]: No internet connection or host not found. Unable to fetch weather.
2026-08-16 21:11:30,432 [WARNING] [MainThread] [root/weather.py:565]: Error processing weather data: Weather data is empty.. Retrying fetch in 10 seconds.
2026-08-16 21:11:40,438 [ERROR] [MainThread] [root/api.py:84]: No internet connection or host not found. Unable to fetch weather.
2026-08-16 21:11:40,438 [WARNING] [MainThread] [root/weather.py:565]: Error processing weather data: Weather data is empty.. Retrying fetch in 10 seconds.
2026-08-16 21:11:50,446 [ERROR] [MainThread] [root/api.py:84]: No internet connection or host not found. Unable to fetch weather.
2026-08-16 21:11:50,447 [WARNING] [MainThread] [root/weather.py:565]: Error processing weather data: Weather data is empty.. Retrying fetch in 10 seconds.
2026-08-16 21:12:00,454 [ERROR] [MainThread] [root/api.py:84]: No internet connection or host not found. Unable to fetch weather.
2026-08-16 21:12:00,454 [WARNING] [MainThread] [root/weather.py:565]: Error processing weather data: Weather data is empty.. Retrying fetch in 10 seconds.
2026-08-16 21:12:10,455 [ERROR] [MainThread] [root/api.py:84]: No internet connection or host not found. Unable to fetch weather.
2026-08-16 21:12:10,455 [WARNING] [MainThread] [root/weather.py:565]: Error processing weather data: Weather data is empty.. Retrying fetch in 10 seconds.
2026-08-16 21:12:20,451 [ERROR] [MainThread] [root/api.py:84]: No internet connection or host not found. Unable to fetch weather.
2026-08-16 21:12:20,451 [WARNING] [MainThread] [root/weather.py:565]: Error processing weather data: Weather data is empty.. Retrying fetch in 10 seconds.
2026-08-16 21:12:30,464 [ERROR] [MainThread] [root/api.py:84]: No internet connection or host not found. Unable to fetch weather.
2026-08-16 21:12:30,464 [WARNING] [MainThread] [root/weather.py:565]: Error processing weather data: Weather data is empty.. Retrying fetch in 10 seconds.
2026-08-16 21:12:40,473 [ERROR] [MainThread] [root/api.py:84]: No internet connection or host not found. Unable to fetch weather.
2026-08-16 21:12:40,473 [WARNING] [MainThread] [root/weather.py:565]: Error processing weather data: Weather data is empty.. Retrying fetch in 10 seconds.
2026-08-16 21:12:50,469 [ERROR] [MainThread] [root/api.py:84]: No internet connection or host not found. Unable to fetch weather.
2026-08-16 21:12:50,470 [WARNING] [MainThread] [root/weather.py:565]: Error processing weather data: Weather data is empty.. Retrying fetch in 10 seconds.
2026-08-16 21:13:00,479 [ERROR] [MainThread] [root/api.py:84]: No internet connection or host not found. Unable to fetch weather.
2026-08-16 21:13:00,480 [WARNING] [MainThread] [root/weather.py:565]: Error processing weather data: Weather data is empty.. Retrying fetch in 10 seconds.
2026-08-16 21:13:10,508 [ERROR] [MainThread] [root/api.py:84]: No internet connection or host not found. Unable to fetch weather.
2026-08-16 21:13:10,508 [WARNING] [MainThread] [root/weather.py:565]: Error processing weather data: Weather data is empty.. Retrying fetch in 10 seconds.
2026-08-16 21:13:20,512 [ERROR] [MainThread] [root/api.py:84]: No internet connection or host not found. Unable to fetch weather.
2026-08-16 21:13:20,512 [WARNING] [MainThread] [root/weather.py:565]: Error processing weather data: Weather data is empty.. Retrying fetch in 10 seconds.
2026-08-16 21:13:30,521 [ERROR] [MainThread] [root/api.py:84]: No internet connection or host not found. Unable to fetch weather.
2026-08-16 21:13:30,522 [WARNING] [MainThread] [root/weather.py:565]: Error processing weather data: Weather data is empty.. Retrying fetch in 10 seconds.
2026-08-16 21:13:40,519 [ERROR] [MainThread] [root/api.py:84]: No internet connection or host not found. Unable to fetch weather.
2026-08-16 21:13:40,520 [WARNING] [MainThread] [root/weather.py:565]: Error processing weather data: Weather data is empty.. Retrying fetch in 10 seconds.
2026-08-16 21:13:50,519 [ERROR] [MainThread] [root/api.py:84]: No internet connection or host not found. Unable to fetch weather.
2026-08-16 21:13:50,519 [WARNING] [MainThread] [root/weather.py:565]: Error processing weather data: Weather data is empty.. Retrying fetch in 10 seconds.
2026-08-16 21:14:00,523 [ERROR] [MainThread] [root/api.py:84]: No internet connection or host not found. Unable to fetch weather.
2026-08-16 21:14:00,523 [WARNING] [MainThread] [root/weather.py:565]: Error processing weather data: Weather data is empty.. Retrying fetch in 10 seconds.
2026-08-16 21:14:10,526 [ERROR] [MainThread] [root/api.py:84]: No internet connection or host not found. Unable to fetch weather.
2026-08-16 21:14:10,526 [WARNING] [MainThread] [root/weather.py:565]: Error processing weather data: Weather data is empty.. Retrying fetch in 10 seconds.
2026-08-16 21:14:20,536 [ERROR] [MainThread] [root/api.py:84]: No internet connection or host not found. Unable to fetch weather.
2026-08-16 21:14:20,536 [WARNING] [MainThread] [root/weather.py:565]: Error processing weather data: Weather data is empty.. Retrying fetch in 10 seconds.
2026-08-16 21:14:30,537 [ERROR] [MainThread] [root/api.py:84]: No internet connection or host not found. Unable to fetch weather.
2026-08-16 21:14:30,537 [WARNING] [MainThread] [root/weather.py:565]: Error processing weather data: Weather data is empty.. Retrying fetch in 10 seconds.
2026-08-16 21:14:40,543 [ERROR] [MainThread] [root/api.py:84]: No internet connection or host not found. Unable to fetch weather.
2026-08-16 21:14:40,543 [WARNING] [MainThread] [root/weather.py:565]: Error processing weather data: Weather data is empty.. Retrying fetch in 10 seconds.
2026-08-16 21:14:50,566 [ERROR] [MainThread] [root/api.py:84]: No internet connection or host not found. Unable to fetch weather.
2026-08-16 21:14:50,567 [WARNING] [MainThread] [root/weather.py:565]: Error processing weather data: Weather data is empty.. Retrying fetch in 10 seconds.
2026-08-16 21:15:00,570 [ERROR] [MainThread] [root/api.py:84]: No internet connection or host not found. Unable to fetch weather.
2026-08-16 21:15:00,571 [WARNING] [MainThread] [root/weather.py:565]: Error processing weather data: Weather data is empty.. Retrying fetch in 10 seconds.
2026-08-16 21:15:10,565 [ERROR] [MainThread] [root/api.py:84]: No internet connection or host not found. Unable to fetch weather.
2026-08-16 21:15:10,565 [WARNING] [MainThread] [root/weather.py:565]: Error processing weather data: Weather data is empty.. Retrying fetch in 10 seconds.
2026-08-16 21:15:20,561 [ERROR] [MainThread] [root/api.py:84]: No internet connection or host not found. Unable to fetch weather.
2026-08-16 21:15:20,561 [WARNING] [MainThread] [root/weather.py:565]: Error processing weather data: Weather data is empty.. Retrying fetch in 10 seconds.
2026-08-16 21:15:30,558 [ERROR] [MainThread] [root/api.py:84]: No internet connection or host not found. Unable to fetch weather.
2026-08-16 21:15:30,558 [WARNING] [MainThread] [root/weather.py:565]: Error processing weather data: Weather data is empty.. Retrying fetch in 10 seconds.
2026-08-16 21:15:40,564 [ERROR] [MainThread] [root/api.py:84]: No internet connection or host not found. Unable to fetch weather.
2026-08-16 21:15:40,564 [WARNING] [MainThread] [root/weather.py:565]: Error processing weather data: Weather data is empty.. Retrying fetch in 10 seconds.
2026-08-16 21:15:50,569 [ERROR] [MainThread] [root/api.py:84]: No internet connection or host not found. Unable to fetch weather.
2026-08-16 21:15:50,570 [WARNING] [MainThread] [root/weather.py:565]: Error processing weather data: Weather data is empty.. Retrying fetch in 10 seconds.
2026-08-16 21:16:00,573 [ERROR] [MainThread] [root/api.py:84]: No internet connection or host not found. Unable to fetch weather.
2026-08-16 21:16:00,573 [WARNING] [MainThread] [root/weather.py:565]: Error processing weather data: Weather data is empty.. Retrying fetch in 10 seconds.
2026-08-16 21:16:10,579 [ERROR] [MainThread] [root/api.py:84]: No internet connection or host not found. Unable to fetch weather.
2026-08-16 21:16:10,579 [WARNING] [MainThread] [root/weather.py:565]: Error processing weather data: Weather data is empty.. Retrying fetch in 10 seconds.
2026-08-16 21:16:20,589 [ERROR] [MainThread] [root/api.py:84]: No internet connection or host not found. Unable to fetch weather.
2026-08-16 21:16:20,589 [WARNING] [MainThread] [root/weather.py:565]: Error processing weather data: Weather data is empty.. Retrying fetch in 10 seconds.
2026-08-16 21:16:30,591 [ERROR] [MainThread] [root/api.py:84]: No internet connection or host not found. Unable to fetch weather.
2026-08-16 21:16:30,591 [WARNING] [MainThread] [root/weather.py:565]: Error processing weather data: Weather data is empty.. Retrying fetch in 10 seconds.
2026-08-16 21:16:37,976 [ERROR] [MainThread] [root/api.py:84]: No internet connection or host not found. Unable to fetch weather.
2026-08-16 21:16:40,602 [ERROR] [MainThread] [root/api.py:84]: No internet connection or host not found. Unable to fetch weather.
2026-08-16 21:16:40,602 [WARNING] [MainThread] [root/weather.py:565]: Error processing weather data: Weather data is empty.. Retrying fetch in 10 seconds.
2026-08-16 21:16:50,589 [ERROR] [MainThread] [root/api.py:84]: No internet connection or host not found. Unable to fetch weather.
2026-08-16 21:16:50,589 [WARNING] [MainThread] [root/weather.py:565]: Error processing weather data: Weather data is empty.. Retrying fetch in 10 seconds.
2026-08-16 21:17:00,594 [ERROR] [MainThread] [root/api.py:84]: No internet connection or host not found. Unable to fetch weather.
2026-08-16 21:17:00,594 [WARNING] [MainThread] [root/weather.py:565]: Error processing weather data: Weather data is empty.. Retrying fetch in 10 seconds.
2026-08-16 21:17:10,608 [ERROR] [MainThread] [root/api.py:84]: No internet connection or host not found. Unable to fetch weather.
2026-08-16 21:17:10,609 [WARNING] [MainThread] [root/weather.py:565]: Error processing weather data: Weather data is empty.. Retrying fetch in 10 seconds.
2026-08-16 21:17:20,634 [ERROR] [MainThread] [root/api.py:84]: No internet connection or host not found. Unable to fetch weather.
2026-08-16 21:17:20,634 [WARNING] [MainThread] [root/weather.py:565]: Error processing weather data: Weather data is empty.. Retrying fetch in 10 seconds.
2026-08-16 21:17:30,649 [ERROR] [MainThread] [root/api.py:84]: No internet connection or host not found. Unable to fetch weather.
2026-08-16 21:17:30,649 [WARNING] [MainThread] [root/weather.py:565]: Error processing weather data: Weather data is empty.. Retrying fetch in 10 seconds.
2026-08-16 21:17:40,654 [ERROR] [MainThread] [root/api.py:84]: No internet connection or host not found. Unable to fetch weather.
2026-08-16 21:17:40,654 [WARNING] [MainThread] [root/weather.py:565]: Error processing weather data: Weather data is empty.. Retrying fetch in 10 seconds.
2026-08-16 21:17:50,664 [ERROR] [MainThread] [root/api.py:84]: No internet connection or host not found. Unable to fetch weather.
2026-08-16 21:17:50,665 [WARNING] [MainThread] [root/weather.py:565]: Error processing weather data: Weather data is empty.. Retrying fetch in 10 seconds.
2026-08-16 21:18:00,664 [ERROR] [MainThread] [root/api.py:84]: No internet connection or host not found. Unable to fetch weather.
2026-08-16 21:18:00,664 [WARNING] [MainThread] [root/weather.py:565]: Error processing weather data: Weather data is empty.. Retrying fetch in 10 seconds.
2026-08-16 21:18:10,651 [ERROR] [MainThread] [root/api.py:84]: No internet connection or host not found. Unable to fetch weather.
2026-08-16 21:18:10,651 [WARNING] [MainThread] [root/weather.py:565]: Error processing weather data: Weather data is empty.. Retrying fetch in 10 seconds.
2026-08-16 21:18:20,660 [ERROR] [MainThread] [root/api.py:84]: No internet connection or host not found. Unable to fetch weather.
2026-08-16 21:18:20,661 [WARNING] [MainThread] [root/weather.py:565]: Error processing weather data: Weather data is empty.. Retrying fetch in 10 seconds.
2026-08-16 21:18:30,659 [ERROR] [MainThread] [root/api.py:84]: No internet connection or host not found. Unable to fetch weather.
2026-08-16 21:18:30,659 [WARNING] [MainThread] [root/weather.py:565]: Error processing weather data: Weather data is empty.. Retrying fetch in 10 seconds.
2026-08-16 21:18:40,655 [ERROR] [MainThread] [root/api.py:84]: No internet connection or host not found. Unable to fetch weather.
2026-08-16 21:18:40,655 [WARNING] [MainThread] [root/weather.py:565]: Error processing weather data: Weather data is empty.. Retrying fetch in 10 seconds.
2026-08-16 21:18:50,661 [ERROR] [MainThread] [root/api.py:84]: No internet connection or host not found. Unable to fetch weather.
2026-08-16 21:18:50,661 [WARNING] [MainThread] [root/weather.py:565]: Error processing weather data: Weather data is empty.. Retrying fetch in 10 seconds.
2026-08-16 21:19:00,676 [ERROR] [MainThread] [root/api.py:84]: No internet connection or host not found. Unable to fetch weather.
2026-08-16 21:19:00,676 [WARNING] [MainThread] [root/weather.py:565]: Error processing weather data: Weather data is empty.. Retrying fetch in 10 seconds.
2026-08-16 21:19:10,674 [ERROR] [MainThread] [root/api.py:84]: No internet connection or host not found. Unable to fetch weather.
2026-08-16 21:19:10,674 [WARNING] [MainThread] [root/weather.py:565]: Error processing weather data: Weather data is empty.. Retrying fetch in 10 seconds.
2026-08-16 21:19:20,697 [ERROR] [MainThread] [root/api.py:84]: No internet connection or host not found. Unable to fetch weather.
2026-08-16 21:19:20,697 [WARNING] [MainThread] [root/weather.py:565]: Error processing weather data: Weather data is empty.. Retrying fetch in 10 seconds.
2026-08-16 21:19:30,703 [ERROR] [MainThread] [root/api.py:84]: No internet connection or host not found. Unable to fetch weather.
2026-08-16 21:19:30,704 [WARNING] [MainThread] [root/weather.py:565]: Error processing weather data: Weather data is empty.. Retrying fetch in 10 seconds.
2026-08-16 21:19:40,703 [ERROR] [MainThread] [root/api.py:84]: No internet connection or host not found. Unable to fetch weather.
2026-08-16 21:19:40,704 [WARNING] [MainThread] [root/weather.py:565]: Error processing weather data: Weather data is empty.. Retrying fetch in 10 seconds.
2026-08-16 21:19:50,709 [ERROR] [MainThread] [root/api.py:84]: No internet connection or host not found. Unable to fetch weather.
2026-08-16 21:19:50,709 [WARNING] [MainThread] [root/weather.py:565]: Error processing weather data: Weather data is empty.. Retrying fetch in 10 seconds.
2026-08-16 21:20:00,707 [ERROR] [MainThread] [root/api.py:84]: No internet connection or host not found. Unable to fetch weather.
2026-08-16 21:20:00,707 [WARNING] [MainThread] [root/weather.py:565]: Error processing weather data: Weather data is empty.. Retrying fetch in 10 seconds.
2026-08-16 21:20:10,717 [ERROR] [MainThread] [root/api.py:84]: No internet connection or host not found. Unable to fetch weather.
2026-08-16 21:20:10,717 [WARNING] [MainThread] [root/weather.py:565]: Error processing weather data: Weather data is empty.. Retrying fetch in 10 seconds.
2026-08-16 21:20:20,723 [ERROR] [MainThread] [root/api.py:84]: No internet connection or host not found. Unable to fetch weather.
2026-08-16 21:20:20,723 [WARNING] [MainThread] [root/weather.py:565]: Error processing weather data: Weather data is empty.. Retrying fetch in 10 seconds.
2026-08-16 21:20:30,715 [ERROR] [MainThread] [root/api.py:84]: No internet connection or host not found. Unable to fetch weather.
2026-08-16 21:20:30,715 [WARNING] [MainThread] [root/weather.py:565]: Error processing weather data: Weather data is empty.. Retrying fetch in 10 seconds.
2026-08-16 21:20:40,719 [ERROR] [MainThread] [root/api.py:84]: No internet connection or host not found. Unable to fetch weather.
2026-08-16 21:20:40,719 [WARNING] [MainThread] [root/weather.py:565]: Error processing weather data: Weather data is empty.. Retrying fetch in 10 seconds.
2026-08-16 21:20:50,729 [ERROR] [MainThread] [root/api.py:84]: No internet connection or host not found. Unable to fetch weather.
2026-08-16 21:20:50,730 [WARNING] [MainThread] [root/weather.py:565]: Error processing weather data: Weather data is empty.. Retrying fetch in 10 seconds.
2026-08-16 21:21:00,747 [ERROR] [MainThread] [root/api.py:84]: No internet connection or host not found. Unable to fetch weather.
2026-08-16 21:21:00,747 [WARNING] [MainThread] [root/weather.py:565]: Error processing weather data: Weather data is empty.. Retrying fetch in 10 seconds.
2026-08-16 21:21:10,757 [ERROR] [MainThread] [root/api.py:84]: No internet connection or host not found. Unable to fetch weather.
2026-08-16 21:21:10,758 [WARNING] [MainThread] [root/weather.py:565]: Error processing weather data: Weather data is empty.. Retrying fetch in 10 seconds.
2026-08-16 21:21:20,775 [ERROR] [MainThread] [root/api.py:84]: No internet connection or host not found. Unable to fetch weather.
2026-08-16 21:21:20,775 [WARNING] [MainThread] [root/weather.py:565]: Error processing weather data: Weather data is empty.. Retrying fetch in 10 seconds.
2026-08-16 21:21:30,781 [ERROR] [MainThread] [root/api.py:84]: No internet connection or host not found. Unable to fetch weather.
2026-08-16 21:21:30,781 [WARNING] [MainThread] [root/weather.py:565]: Error processing weather data: Weather data is empty.. Retrying fetch in 10 seconds.
2026-08-16 21:21:40,792 [ERROR] [MainThread] [root/api.py:84]: No internet connection or host not found. Unable to fetch weather.
2026-08-16 21:21:40,792 [WARNING] [MainThread] [root/weather.py:565]: Error processing weather data: Weather data is empty.. Retrying fetch in 10 seconds.
2026-08-16 21:21:50,798 [ERROR] [MainThread] [root/api.py:84]: No internet connection or host not found. Unable to fetch weather.
2026-08-16 21:21:50,799 [WARNING] [MainThread] [root/weather.py:565]: Error processing weather data: Weather data is empty.. Retrying fetch in 10 seconds.
2026-08-16 21:22:00,799 [ERROR] [MainThread] [root/api.py:84]: No internet connection or host not found. Unable to fetch weather.
2026-08-16 21:22:00,799 [WARNING] [MainThread] [root/weather.py:565]: Error processing weather data: Weather data is empty.. Retrying fetch in 10 seconds.
2026-08-16 21:22:10,804 [ERROR] [MainThread] [root/api.py:84]: No internet connection or host not found. Unable to fetch weather.
2026-08-16 21:22:10,804 [WARNING] [MainThread] [root/weather.py:565]: Error processing weather data: Weather data is empty.. Retrying fetch in 10 seconds.
2026-08-16 21:22:20,807 [ERROR] [MainThread] [root/api.py:84]: No internet connection or host not found. Unable to fetch weather.
2026-08-16 21:22:20,808 [WARNING] [MainThread] [root/weather.py:565]: Error processing weather data: Weather data is empty.. Retrying fetch in 10 seconds.
2026-08-16 21:22:30,811 [ERROR] [MainThread] [root/api.py:84]: No internet connection or host not found. Unable to fetch weather.
2026-08-16 21:22:30,812 [WARNING] [MainThread] [root/weather.py:565]: Error processing weather data: Weather data is empty.. Retrying fetch in 10 seconds.
2026-08-16 21:22:41,040 [INFO] [MainThread] [root/api.py:69]: Fetching new weather data at 2026-08-16 21:22:41.040143
2026-08-16 21:34:11,028 [INFO] [MainThread] [root/controller.py:43]: Exiting Application...
2026-08-16 21:34:11,140 [INFO] [MainThread] [cli_server/cli_server.py:114]: Log pipe server stopped
2026-08-16 21:34:11,180 [INFO] [MainThread] [root/bar_manager.py:119]: Stopping KomorebiEventListener...
2026-08-16 21:34:11,183 [INFO] [MainThread] [root/bar_manager.py:119]: Stopping SystemEventListener...
2026-08-16 21:34:11,185 [INFO] [MainThread] [taskbar_window_manager/window_manager.py:205]: TaskbarWindowManager stopped
2026-08-17 10:20:26,169 [INFO] [MainThread] [root/log.py:104]: YASB v2.0.6
2026-08-17 10:20:26,170 [INFO] [CLIPipeServer] [cli_server/cli_server.py:216]: CLI server started v1.1.7
2026-08-17 10:20:26,171 [INFO] [MainThread] [cli_server/cli_server.py:106]: Log pipe server started
2026-08-17 10:20:26,473 [INFO] [MainThread] [root/service.py:52]: AudioOutputService starting...
2026-08-17 10:20:26,780 [INFO] [MainThread] [taskbar_window_manager/window_manager.py:178]: TaskbarWindowManager is starting...
2026-08-17 10:20:26,784 [INFO] [MainThread] [root/bar_manager.py:103]: Starting SystemEventListener...
2026-08-17 10:20:26,784 [INFO] [MainThread] [root/bar_manager.py:103]: Starting KomorebiEventListener...
2026-08-17 10:20:26,785 [INFO] [MainThread] [root/watcher.py:65]: Watching directory: c:\users\admin\.config\yasb
2026-08-17 10:20:26,785 [INFO] [MainThread] [root/watcher.py:104]: Created file watcher
2026-08-17 10:20:26,786 [INFO] [Dummy-6] [root/event_listener.py:54]: Created named pipe yasb-2a1f0fe5-99f7-11f1-9a6f-9c2f9d779590
2026-08-17 10:20:26,807 [INFO] [MainThread] [root/update_service.py:434]: Background update checker started
2026-08-17 10:20:26,871 [WARNING] [UpdateChecker] [root/update_service.py:300]: Network error checking for updates: [Errno 11001] getaddrinfo failed
2026-08-17 10:20:26,871 [WARNING] [UpdateChecker] [root/update_service.py:430]: Background update check failed: <urlopen error [Errno 11001] getaddrinfo failed>
2026-08-17 10:20:26,910 [WARNING] [Dummy-6] [root/event_listener.py:134]: Komorebi failed to subscribe named pipe. Komorebi is not running, please start Komorebi.
2026-08-17 10:20:26,912 [ERROR] [MainThread] [root/api.py:84]: No internet connection or host not found. Unable to fetch weather.
2026-08-17 10:20:26,912 [WARNING] [MainThread] [root/weather.py:565]: Error processing weather data: Weather data is empty.. Retrying fetch in 10 seconds.
2026-08-17 10:20:36,911 [ERROR] [MainThread] [root/api.py:84]: No internet connection or host not found. Unable to fetch weather.
2026-08-17 10:20:36,911 [WARNING] [MainThread] [root/weather.py:565]: Error processing weather data: Weather data is empty.. Retrying fetch in 10 seconds.
2026-08-17 10:20:46,915 [ERROR] [MainThread] [root/api.py:84]: No internet connection or host not found. Unable to fetch weather.
2026-08-17 10:20:46,915 [WARNING] [MainThread] [root/weather.py:565]: Error processing weather data: Weather data is empty.. Retrying fetch in 10 seconds.
2026-08-17 10:20:56,907 [ERROR] [MainThread] [root/api.py:84]: No internet connection or host not found. Unable to fetch weather.
2026-08-17 10:20:56,907 [WARNING] [MainThread] [root/weather.py:565]: Error processing weather data: Weather data is empty.. Retrying fetch in 10 seconds.
2026-08-17 10:21:06,905 [ERROR] [MainThread] [root/api.py:84]: No internet connection or host not found. Unable to fetch weather.
2026-08-17 10:21:06,906 [WARNING] [MainThread] [root/weather.py:565]: Error processing weather data: Weather data is empty.. Retrying fetch in 10 seconds.
2026-08-17 10:21:16,926 [ERROR] [MainThread] [root/api.py:84]: No internet connection or host not found. Unable to fetch weather.
2026-08-17 10:21:16,926 [WARNING] [MainThread] [root/weather.py:565]: Error processing weather data: Weather data is empty.. Retrying fetch in 10 seconds.
2026-08-17 10:21:26,933 [ERROR] [MainThread] [root/api.py:84]: No internet connection or host not found. Unable to fetch weather.
2026-08-17 10:21:26,934 [WARNING] [MainThread] [root/weather.py:565]: Error processing weather data: Weather data is empty.. Retrying fetch in 10 seconds.
2026-08-17 10:21:36,949 [ERROR] [MainThread] [root/api.py:84]: No internet connection or host not found. Unable to fetch weather.
2026-08-17 10:21:36,950 [WARNING] [MainThread] [root/weather.py:565]: Error processing weather data: Weather data is empty.. Retrying fetch in 10 seconds.
2026-08-17 10:21:46,950 [ERROR] [MainThread] [root/api.py:84]: No internet connection or host not found. Unable to fetch weather.
2026-08-17 10:21:46,950 [WARNING] [MainThread] [root/weather.py:565]: Error processing weather data: Weather data is empty.. Retrying fetch in 10 seconds.
2026-08-17 10:21:53,739 [INFO] [Dummy-6] [root/event_listener.py:147]: Komorebi connected to named pipe: yasb-2a1f0fe5-99f7-11f1-9a6f-9c2f9d779590
2026-08-17 10:21:56,956 [ERROR] [MainThread] [root/api.py:84]: No internet connection or host not found. Unable to fetch weather.
2026-08-17 10:21:56,957 [WARNING] [MainThread] [root/weather.py:565]: Error processing weather data: Weather data is empty.. Retrying fetch in 10 seconds.
2026-08-17 10:22:06,982 [ERROR] [MainThread] [root/api.py:84]: No internet connection or host not found. Unable to fetch weather.
2026-08-17 10:22:06,982 [WARNING] [MainThread] [root/weather.py:565]: Error processing weather data: Weather data is empty.. Retrying fetch in 10 seconds.
2026-08-17 10:22:16,988 [ERROR] [MainThread] [root/api.py:84]: No internet connection or host not found. Unable to fetch weather.
2026-08-17 10:22:16,989 [WARNING] [MainThread] [root/weather.py:565]: Error processing weather data: Weather data is empty.. Retrying fetch in 10 seconds.
2026-08-17 10:22:27,009 [ERROR] [MainThread] [root/api.py:84]: No internet connection or host not found. Unable to fetch weather.
2026-08-17 10:22:27,010 [WARNING] [MainThread] [root/weather.py:565]: Error processing weather data: Weather data is empty.. Retrying fetch in 10 seconds.
2026-08-17 10:22:37,017 [ERROR] [MainThread] [root/api.py:84]: No internet connection or host not found. Unable to fetch weather.
2026-08-17 10:22:37,017 [WARNING] [MainThread] [root/weather.py:565]: Error processing weather data: Weather data is empty.. Retrying fetch in 10 seconds.
2026-08-17 10:22:47,012 [ERROR] [MainThread] [root/api.py:84]: No internet connection or host not found. Unable to fetch weather.
2026-08-17 10:22:47,013 [WARNING] [MainThread] [root/weather.py:565]: Error processing weather data: Weather data is empty.. Retrying fetch in 10 seconds.
2026-08-17 10:22:57,026 [ERROR] [MainThread] [root/api.py:84]: No internet connection or host not found. Unable to fetch weather.
2026-08-17 10:22:57,027 [WARNING] [MainThread] [root/weather.py:565]: Error processing weather data: Weather data is empty.. Retrying fetch in 10 seconds.
2026-08-17 10:23:07,033 [ERROR] [MainThread] [root/api.py:84]: No internet connection or host not found. Unable to fetch weather.
2026-08-17 10:23:07,033 [WARNING] [MainThread] [root/weather.py:565]: Error processing weather data: Weather data is empty.. Retrying fetch in 10 seconds.
2026-08-17 10:23:17,061 [ERROR] [MainThread] [root/api.py:84]: No internet connection or host not found. Unable to fetch weather.
2026-08-17 10:23:17,061 [WARNING] [MainThread] [root/weather.py:565]: Error processing weather data: Weather data is empty.. Retrying fetch in 10 seconds.
2026-08-17 10:23:27,063 [ERROR] [MainThread] [root/api.py:84]: No internet connection or host not found. Unable to fetch weather.
2026-08-17 10:23:27,064 [WARNING] [MainThread] [root/weather.py:565]: Error processing weather data: Weather data is empty.. Retrying fetch in 10 seconds.
2026-08-17 10:23:37,084 [ERROR] [MainThread] [root/api.py:84]: No internet connection or host not found. Unable to fetch weather.
2026-08-17 10:23:37,084 [WARNING] [MainThread] [root/weather.py:565]: Error processing weather data: Weather data is empty.. Retrying fetch in 10 seconds.
2026-08-17 10:23:47,075 [ERROR] [MainThread] [root/api.py:84]: No internet connection or host not found. Unable to fetch weather.
2026-08-17 10:23:47,075 [WARNING] [MainThread] [root/weather.py:565]: Error processing weather data: Weather data is empty.. Retrying fetch in 10 seconds.
2026-08-17 10:23:57,085 [ERROR] [MainThread] [root/api.py:84]: No internet connection or host not found. Unable to fetch weather.
2026-08-17 10:23:57,085 [WARNING] [MainThread] [root/weather.py:565]: Error processing weather data: Weather data is empty.. Retrying fetch in 10 seconds.
2026-08-17 10:24:07,086 [ERROR] [MainThread] [root/api.py:84]: No internet connection or host not found. Unable to fetch weather.
2026-08-17 10:24:07,086 [WARNING] [MainThread] [root/weather.py:565]: Error processing weather data: Weather data is empty.. Retrying fetch in 10 seconds.
2026-08-17 10:24:17,091 [ERROR] [MainThread] [root/api.py:84]: No internet connection or host not found. Unable to fetch weather.
2026-08-17 10:24:17,091 [WARNING] [MainThread] [root/weather.py:565]: Error processing weather data: Weather data is empty.. Retrying fetch in 10 seconds.
2026-08-17 10:24:27,097 [ERROR] [MainThread] [root/api.py:84]: No internet connection or host not found. Unable to fetch weather.
2026-08-17 10:24:27,098 [WARNING] [MainThread] [root/weather.py:565]: Error processing weather data: Weather data is empty.. Retrying fetch in 10 seconds.
2026-08-17 10:24:37,109 [ERROR] [MainThread] [root/api.py:84]: No internet connection or host not found. Unable to fetch weather.
2026-08-17 10:24:37,109 [WARNING] [MainThread] [root/weather.py:565]: Error processing weather data: Weather data is empty.. Retrying fetch in 10 seconds.
2026-08-17 10:24:47,106 [ERROR] [MainThread] [root/api.py:84]: No internet connection or host not found. Unable to fetch weather.
2026-08-17 10:24:47,107 [WARNING] [MainThread] [root/weather.py:565]: Error processing weather data: Weather data is empty.. Retrying fetch in 10 seconds.
2026-08-17 10:24:57,123 [ERROR] [MainThread] [root/api.py:84]: No internet connection or host not found. Unable to fetch weather.
2026-08-17 10:24:57,123 [WARNING] [MainThread] [root/weather.py:565]: Error processing weather data: Weather data is empty.. Retrying fetch in 10 seconds.
2026-08-17 10:25:07,133 [ERROR] [MainThread] [root/api.py:84]: No internet connection or host not found. Unable to fetch weather.
2026-08-17 10:25:07,134 [WARNING] [MainThread] [root/weather.py:565]: Error processing weather data: Weather data is empty.. Retrying fetch in 10 seconds.
2026-08-17 10:25:17,149 [ERROR] [MainThread] [root/api.py:84]: No internet connection or host not found. Unable to fetch weather.
2026-08-17 10:25:17,149 [WARNING] [MainThread] [root/weather.py:565]: Error processing weather data: Weather data is empty.. Retrying fetch in 10 seconds.
2026-08-17 10:25:27,145 [ERROR] [MainThread] [root/api.py:84]: No internet connection or host not found. Unable to fetch weather.
2026-08-17 10:25:27,145 [WARNING] [MainThread] [root/weather.py:565]: Error processing weather data: Weather data is empty.. Retrying fetch in 10 seconds.
2026-08-17 10:25:37,147 [ERROR] [MainThread] [root/api.py:84]: No internet connection or host not found. Unable to fetch weather.
2026-08-17 10:25:37,148 [WARNING] [MainThread] [root/weather.py:565]: Error processing weather data: Weather data is empty.. Retrying fetch in 10 seconds.
2026-08-17 10:25:47,146 [ERROR] [MainThread] [root/api.py:84]: No internet connection or host not found. Unable to fetch weather.
2026-08-17 10:25:47,147 [WARNING] [MainThread] [root/weather.py:565]: Error processing weather data: Weather data is empty.. Retrying fetch in 10 seconds.
2026-08-17 10:25:57,146 [ERROR] [MainThread] [root/api.py:84]: No internet connection or host not found. Unable to fetch weather.
2026-08-17 10:25:57,146 [WARNING] [MainThread] [root/weather.py:565]: Error processing weather data: Weather data is empty.. Retrying fetch in 10 seconds.
2026-08-17 10:26:07,137 [ERROR] [MainThread] [root/api.py:84]: No internet connection or host not found. Unable to fetch weather.
2026-08-17 10:26:07,137 [WARNING] [MainThread] [root/weather.py:565]: Error processing weather data: Weather data is empty.. Retrying fetch in 10 seconds.
2026-08-17 10:26:17,169 [ERROR] [MainThread] [root/api.py:84]: No internet connection or host not found. Unable to fetch weather.
2026-08-17 10:26:17,170 [WARNING] [MainThread] [root/weather.py:565]: Error processing weather data: Weather data is empty.. Retrying fetch in 10 seconds.
2026-08-17 10:26:27,169 [ERROR] [MainThread] [root/api.py:84]: No internet connection or host not found. Unable to fetch weather.
2026-08-17 10:26:27,169 [WARNING] [MainThread] [root/weather.py:565]: Error processing weather data: Weather data is empty.. Retrying fetch in 10 seconds.
2026-08-17 10:26:37,192 [ERROR] [MainThread] [root/api.py:84]: No internet connection or host not found. Unable to fetch weather.
2026-08-17 10:26:37,192 [WARNING] [MainThread] [root/weather.py:565]: Error processing weather data: Weather data is empty.. Retrying fetch in 10 seconds.
2026-08-17 10:26:47,197 [ERROR] [MainThread] [root/api.py:84]: No internet connection or host not found. Unable to fetch weather.
2026-08-17 10:26:47,197 [WARNING] [MainThread] [root/weather.py:565]: Error processing weather data: Weather data is empty.. Retrying fetch in 10 seconds.
2026-08-17 10:26:57,195 [ERROR] [MainThread] [root/api.py:84]: No internet connection or host not found. Unable to fetch weather.
2026-08-17 10:26:57,196 [WARNING] [MainThread] [root/weather.py:565]: Error processing weather data: Weather data is empty.. Retrying fetch in 10 seconds.
2026-08-17 10:27:07,188 [ERROR] [MainThread] [root/api.py:84]: No internet connection or host not found. Unable to fetch weather.
2026-08-17 10:27:07,188 [WARNING] [MainThread] [root/weather.py:565]: Error processing weather data: Weather data is empty.. Retrying fetch in 10 seconds.
2026-08-17 10:27:17,214 [ERROR] [MainThread] [root/api.py:84]: No internet connection or host not found. Unable to fetch weather.
2026-08-17 10:27:17,214 [WARNING] [MainThread] [root/weather.py:565]: Error processing weather data: Weather data is empty.. Retrying fetch in 10 seconds.
2026-08-17 10:27:27,220 [ERROR] [MainThread] [root/api.py:84]: No internet connection or host not found. Unable to fetch weather.
2026-08-17 10:27:27,220 [WARNING] [MainThread] [root/weather.py:565]: Error processing weather data: Weather data is empty.. Retrying fetch in 10 seconds.
2026-08-17 10:27:37,234 [ERROR] [MainThread] [root/api.py:84]: No internet connection or host not found. Unable to fetch weather.
2026-08-17 10:27:37,235 [WARNING] [MainThread] [root/weather.py:565]: Error processing weather data: Weather data is empty.. Retrying fetch in 10 seconds.
2026-08-17 10:27:47,237 [ERROR] [MainThread] [root/api.py:84]: No internet connection or host not found. Unable to fetch weather.
2026-08-17 10:27:47,238 [WARNING] [MainThread] [root/weather.py:565]: Error processing weather data: Weather data is empty.. Retrying fetch in 10 seconds.
2026-08-17 10:27:57,240 [ERROR] [MainThread] [root/api.py:84]: No internet connection or host not found. Unable to fetch weather.
2026-08-17 10:27:57,240 [WARNING] [MainThread] [root/weather.py:565]: Error processing weather data: Weather data is empty.. Retrying fetch in 10 seconds.
2026-08-17 10:28:07,255 [ERROR] [MainThread] [root/api.py:84]: No internet connection or host not found. Unable to fetch weather.
2026-08-17 10:28:07,255 [WARNING] [MainThread] [root/weather.py:565]: Error processing weather data: Weather data is empty.. Retrying fetch in 10 seconds.
2026-08-17 10:28:17,264 [ERROR] [MainThread] [root/api.py:84]: No internet connection or host not found. Unable to fetch weather.
2026-08-17 10:28:17,264 [WARNING] [MainThread] [root/weather.py:565]: Error processing weather data: Weather data is empty.. Retrying fetch in 10 seconds.
2026-08-17 10:28:27,282 [ERROR] [MainThread] [root/api.py:84]: No internet connection or host not found. Unable to fetch weather.
2026-08-17 10:28:27,282 [WARNING] [MainThread] [root/weather.py:565]: Error processing weather data: Weather data is empty.. Retrying fetch in 10 seconds.
2026-08-17 10:28:37,311 [ERROR] [MainThread] [root/api.py:84]: No internet connection or host not found. Unable to fetch weather.
2026-08-17 10:28:37,311 [WARNING] [MainThread] [root/weather.py:565]: Error processing weather data: Weather data is empty.. Retrying fetch in 10 seconds.
2026-08-17 10:28:47,325 [ERROR] [MainThread] [root/api.py:84]: No internet connection or host not found. Unable to fetch weather.
2026-08-17 10:28:47,326 [WARNING] [MainThread] [root/weather.py:565]: Error processing weather data: Weather data is empty.. Retrying fetch in 10 seconds.
2026-08-17 10:28:57,334 [ERROR] [MainThread] [root/api.py:84]: No internet connection or host not found. Unable to fetch weather.
2026-08-17 10:28:57,335 [WARNING] [MainThread] [root/weather.py:565]: Error processing weather data: Weather data is empty.. Retrying fetch in 10 seconds.
2026-08-17 10:29:07,324 [ERROR] [MainThread] [root/api.py:84]: No internet connection or host not found. Unable to fetch weather.
2026-08-17 10:29:07,325 [WARNING] [MainThread] [root/weather.py:565]: Error processing weather data: Weather data is empty.. Retrying fetch in 10 seconds.
2026-08-17 10:29:17,351 [ERROR] [MainThread] [root/api.py:84]: No internet connection or host not found. Unable to fetch weather.
2026-08-17 10:29:17,352 [WARNING] [MainThread] [root/weather.py:565]: Error processing weather data: Weather data is empty.. Retrying fetch in 10 seconds.
2026-08-17 10:29:27,349 [ERROR] [MainThread] [root/api.py:84]: No internet connection or host not found. Unable to fetch weather.
2026-08-17 10:29:27,350 [WARNING] [MainThread] [root/weather.py:565]: Error processing weather data: Weather data is empty.. Retrying fetch in 10 seconds.
2026-08-17 10:29:37,363 [ERROR] [MainThread] [root/api.py:84]: No internet connection or host not found. Unable to fetch weather.
2026-08-17 10:29:37,364 [WARNING] [MainThread] [root/weather.py:565]: Error processing weather data: Weather data is empty.. Retrying fetch in 10 seconds.
2026-08-17 10:29:47,358 [ERROR] [MainThread] [root/api.py:84]: No internet connection or host not found. Unable to fetch weather.
2026-08-17 10:29:47,358 [WARNING] [MainThread] [root/weather.py:565]: Error processing weather data: Weather data is empty.. Retrying fetch in 10 seconds.
2026-08-17 10:29:57,368 [ERROR] [MainThread] [root/api.py:84]: No internet connection or host not found. Unable to fetch weather.
2026-08-17 10:29:57,368 [WARNING] [MainThread] [root/weather.py:565]: Error processing weather data: Weather data is empty.. Retrying fetch in 10 seconds.
2026-08-17 10:30:07,374 [ERROR] [MainThread] [root/api.py:84]: No internet connection or host not found. Unable to fetch weather.
2026-08-17 10:30:07,374 [WARNING] [MainThread] [root/weather.py:565]: Error processing weather data: Weather data is empty.. Retrying fetch in 10 seconds.
2026-08-17 10:30:17,401 [ERROR] [MainThread] [root/api.py:84]: No internet connection or host not found. Unable to fetch weather.
2026-08-17 10:30:17,401 [WARNING] [MainThread] [root/weather.py:565]: Error processing weather data: Weather data is empty.. Retrying fetch in 10 seconds.
2026-08-17 10:30:27,419 [ERROR] [MainThread] [root/api.py:84]: No internet connection or host not found. Unable to fetch weather.
2026-08-17 10:30:27,420 [WARNING] [MainThread] [root/weather.py:565]: Error processing weather data: Weather data is empty.. Retrying fetch in 10 seconds.
2026-08-17 10:30:37,441 [ERROR] [MainThread] [root/api.py:84]: No internet connection or host not found. Unable to fetch weather.
2026-08-17 10:30:37,442 [WARNING] [MainThread] [root/weather.py:565]: Error processing weather data: Weather data is empty.. Retrying fetch in 10 seconds.
2026-08-17 10:30:47,436 [ERROR] [MainThread] [root/api.py:84]: No internet connection or host not found. Unable to fetch weather.
2026-08-17 10:30:47,437 [WARNING] [MainThread] [root/weather.py:565]: Error processing weather data: Weather data is empty.. Retrying fetch in 10 seconds.
2026-08-17 10:30:57,441 [ERROR] [MainThread] [root/api.py:84]: No internet connection or host not found. Unable to fetch weather.
2026-08-17 10:30:57,442 [WARNING] [MainThread] [root/weather.py:565]: Error processing weather data: Weather data is empty.. Retrying fetch in 10 seconds.
2026-08-17 10:31:07,453 [ERROR] [MainThread] [root/api.py:84]: No internet connection or host not found. Unable to fetch weather.
2026-08-17 10:31:07,454 [WARNING] [MainThread] [root/weather.py:565]: Error processing weather data: Weather data is empty.. Retrying fetch in 10 seconds.
2026-08-17 10:31:17,480 [ERROR] [MainThread] [root/api.py:84]: No internet connection or host not found. Unable to fetch weather.
2026-08-17 10:31:17,480 [WARNING] [MainThread] [root/weather.py:565]: Error processing weather data: Weather data is empty.. Retrying fetch in 10 seconds.
2026-08-17 10:31:27,494 [ERROR] [MainThread] [root/api.py:84]: No internet connection or host not found. Unable to fetch weather.
2026-08-17 10:31:27,494 [WARNING] [MainThread] [root/weather.py:565]: Error processing weather data: Weather data is empty.. Retrying fetch in 10 seconds.
2026-08-17 10:31:37,509 [ERROR] [MainThread] [root/api.py:84]: No internet connection or host not found. Unable to fetch weather.
2026-08-17 10:31:37,509 [WARNING] [MainThread] [root/weather.py:565]: Error processing weather data: Weather data is empty.. Retrying fetch in 10 seconds.
2026-08-17 10:31:47,507 [ERROR] [MainThread] [root/api.py:84]: No internet connection or host not found. Unable to fetch weather.
2026-08-17 10:31:47,508 [WARNING] [MainThread] [root/weather.py:565]: Error processing weather data: Weather data is empty.. Retrying fetch in 10 seconds.
2026-08-17 10:31:57,498 [ERROR] [MainThread] [root/api.py:84]: No internet connection or host not found. Unable to fetch weather.
2026-08-17 10:31:57,498 [WARNING] [MainThread] [root/weather.py:565]: Error processing weather data: Weather data is empty.. Retrying fetch in 10 seconds.
2026-08-17 10:32:07,516 [ERROR] [MainThread] [root/api.py:84]: No internet connection or host not found. Unable to fetch weather.
2026-08-17 10:32:07,517 [WARNING] [MainThread] [root/weather.py:565]: Error processing weather data: Weather data is empty.. Retrying fetch in 10 seconds.
2026-08-17 10:32:17,522 [ERROR] [MainThread] [root/api.py:84]: No internet connection or host not found. Unable to fetch weather.
2026-08-17 10:32:17,522 [WARNING] [MainThread] [root/weather.py:565]: Error processing weather data: Weather data is empty.. Retrying fetch in 10 seconds.
2026-08-17 10:32:27,520 [ERROR] [MainThread] [root/api.py:84]: No internet connection or host not found. Unable to fetch weather.
2026-08-17 10:32:27,520 [WARNING] [MainThread] [root/weather.py:565]: Error processing weather data: Weather data is empty.. Retrying fetch in 10 seconds.
2026-08-17 10:32:37,529 [ERROR] [MainThread] [root/api.py:84]: No internet connection or host not found. Unable to fetch weather.
2026-08-17 10:32:37,530 [WARNING] [MainThread] [root/weather.py:565]: Error processing weather data: Weather data is empty.. Retrying fetch in 10 seconds.
2026-08-17 10:32:47,535 [ERROR] [MainThread] [root/api.py:84]: No internet connection or host not found. Unable to fetch weather.
2026-08-17 10:32:47,535 [WARNING] [MainThread] [root/weather.py:565]: Error processing weather data: Weather data is empty.. Retrying fetch in 10 seconds.
2026-08-17 10:32:57,539 [ERROR] [MainThread] [root/api.py:84]: No internet connection or host not found. Unable to fetch weather.
2026-08-17 10:32:57,539 [WARNING] [MainThread] [root/weather.py:565]: Error processing weather data: Weather data is empty.. Retrying fetch in 10 seconds.
2026-08-17 10:33:07,538 [ERROR] [MainThread] [root/api.py:84]: No internet connection or host not found. Unable to fetch weather.
2026-08-17 10:33:07,538 [WARNING] [MainThread] [root/weather.py:565]: Error processing weather data: Weather data is empty.. Retrying fetch in 10 seconds.
2026-08-17 10:33:17,542 [ERROR] [MainThread] [root/api.py:84]: No internet connection or host not found. Unable to fetch weather.
2026-08-17 10:33:17,542 [WARNING] [MainThread] [root/weather.py:565]: Error processing weather data: Weather data is empty.. Retrying fetch in 10 seconds.
2026-08-17 10:33:27,549 [ERROR] [MainThread] [root/api.py:84]: No internet connection or host not found. Unable to fetch weather.
2026-08-17 10:33:27,549 [WARNING] [MainThread] [root/weather.py:565]: Error processing weather data: Weather data is empty.. Retrying fetch in 10 seconds.
2026-08-17 10:33:37,550 [ERROR] [MainThread] [root/api.py:84]: No internet connection or host not found. Unable to fetch weather.
2026-08-17 10:33:37,551 [WARNING] [MainThread] [root/weather.py:565]: Error processing weather data: Weather data is empty.. Retrying fetch in 10 seconds.
2026-08-17 10:33:47,560 [ERROR] [MainThread] [root/api.py:84]: No internet connection or host not found. Unable to fetch weather.
2026-08-17 10:33:47,560 [WARNING] [MainThread] [root/weather.py:565]: Error processing weather data: Weather data is empty.. Retrying fetch in 10 seconds.
2026-08-17 10:33:57,560 [ERROR] [MainThread] [root/api.py:84]: No internet connection or host not found. Unable to fetch weather.
2026-08-17 10:33:57,561 [WARNING] [MainThread] [root/weather.py:565]: Error processing weather data: Weather data is empty.. Retrying fetch in 10 seconds.
2026-08-17 10:34:07,565 [ERROR] [MainThread] [root/api.py:84]: No internet connection or host not found. Unable to fetch weather.
2026-08-17 10:34:07,565 [WARNING] [MainThread] [root/weather.py:565]: Error processing weather data: Weather data is empty.. Retrying fetch in 10 seconds.
2026-08-17 10:34:17,574 [ERROR] [MainThread] [root/api.py:84]: No internet connection or host not found. Unable to fetch weather.
2026-08-17 10:34:17,575 [WARNING] [MainThread] [root/weather.py:565]: Error processing weather data: Weather data is empty.. Retrying fetch in 10 seconds.
2026-08-17 10:34:27,592 [ERROR] [MainThread] [root/api.py:84]: No internet connection or host not found. Unable to fetch weather.
2026-08-17 10:34:27,592 [WARNING] [MainThread] [root/weather.py:565]: Error processing weather data: Weather data is empty.. Retrying fetch in 10 seconds.
2026-08-17 10:34:37,604 [ERROR] [MainThread] [root/api.py:84]: No internet connection or host not found. Unable to fetch weather.
2026-08-17 10:34:37,604 [WARNING] [MainThread] [root/weather.py:565]: Error processing weather data: Weather data is empty.. Retrying fetch in 10 seconds.
2026-08-17 10:34:47,603 [ERROR] [MainThread] [root/api.py:84]: No internet connection or host not found. Unable to fetch weather.
2026-08-17 10:34:47,604 [WARNING] [MainThread] [root/weather.py:565]: Error processing weather data: Weather data is empty.. Retrying fetch in 10 seconds.
2026-08-17 10:34:57,604 [ERROR] [MainThread] [root/api.py:84]: No internet connection or host not found. Unable to fetch weather.
2026-08-17 10:34:57,604 [WARNING] [MainThread] [root/weather.py:565]: Error processing weather data: Weather data is empty.. Retrying fetch in 10 seconds.
2026-08-17 10:35:07,620 [ERROR] [MainThread] [root/api.py:84]: No internet connection or host not found. Unable to fetch weather.
2026-08-17 10:35:07,620 [WARNING] [MainThread] [root/weather.py:565]: Error processing weather data: Weather data is empty.. Retrying fetch in 10 seconds.
2026-08-17 10:35:17,613 [ERROR] [MainThread] [root/api.py:84]: No internet connection or host not found. Unable to fetch weather.
2026-08-17 10:35:17,613 [WARNING] [MainThread] [root/weather.py:565]: Error processing weather data: Weather data is empty.. Retrying fetch in 10 seconds.
2026-08-17 10:35:27,615 [ERROR] [MainThread] [root/api.py:84]: No internet connection or host not found. Unable to fetch weather.
2026-08-17 10:35:27,616 [WARNING] [MainThread] [root/weather.py:565]: Error processing weather data: Weather data is empty.. Retrying fetch in 10 seconds.
2026-08-17 10:35:37,621 [ERROR] [MainThread] [root/api.py:84]: No internet connection or host not found. Unable to fetch weather.
2026-08-17 10:35:37,621 [WARNING] [MainThread] [root/weather.py:565]: Error processing weather data: Weather data is empty.. Retrying fetch in 10 seconds.
2026-08-17 10:35:47,644 [ERROR] [MainThread] [root/api.py:84]: No internet connection or host not found. Unable to fetch weather.
2026-08-17 10:35:47,645 [WARNING] [MainThread] [root/weather.py:565]: Error processing weather data: Weather data is empty.. Retrying fetch in 10 seconds.
2026-08-17 10:35:57,650 [ERROR] [MainThread] [root/api.py:84]: No internet connection or host not found. Unable to fetch weather.
2026-08-17 10:35:57,650 [WARNING] [MainThread] [root/weather.py:565]: Error processing weather data: Weather data is empty.. Retrying fetch in 10 seconds.
2026-08-17 10:36:07,641 [ERROR] [MainThread] [root/api.py:84]: No internet connection or host not found. Unable to fetch weather.
2026-08-17 10:36:07,642 [WARNING] [MainThread] [root/weather.py:565]: Error processing weather data: Weather data is empty.. Retrying fetch in 10 seconds.
2026-08-17 10:36:17,645 [ERROR] [MainThread] [root/api.py:84]: No internet connection or host not found. Unable to fetch weather.
2026-08-17 10:36:17,646 [WARNING] [MainThread] [root/weather.py:565]: Error processing weather data: Weather data is empty.. Retrying fetch in 10 seconds.
2026-08-17 10:36:27,646 [ERROR] [MainThread] [root/api.py:84]: No internet connection or host not found. Unable to fetch weather.
2026-08-17 10:36:27,646 [WARNING] [MainThread] [root/weather.py:565]: Error processing weather data: Weather data is empty.. Retrying fetch in 10 seconds.
2026-08-17 10:36:37,639 [ERROR] [MainThread] [root/api.py:84]: No internet connection or host not found. Unable to fetch weather.
2026-08-17 10:36:37,639 [WARNING] [MainThread] [root/weather.py:565]: Error processing weather data: Weather data is empty.. Retrying fetch in 10 seconds.
2026-08-17 10:36:47,647 [ERROR] [MainThread] [root/api.py:84]: No internet connection or host not found. Unable to fetch weather.
2026-08-17 10:36:47,647 [WARNING] [MainThread] [root/weather.py:565]: Error processing weather data: Weather data is empty.. Retrying fetch in 10 seconds.
2026-08-17 10:36:57,638 [ERROR] [MainThread] [root/api.py:84]: No internet connection or host not found. Unable to fetch weather.
2026-08-17 10:36:57,639 [WARNING] [MainThread] [root/weather.py:565]: Error processing weather data: Weather data is empty.. Retrying fetch in 10 seconds.
2026-08-17 10:37:07,647 [ERROR] [MainThread] [root/api.py:84]: No internet connection or host not found. Unable to fetch weather.
2026-08-17 10:37:07,648 [WARNING] [MainThread] [root/weather.py:565]: Error processing weather data: Weather data is empty.. Retrying fetch in 10 seconds.
2026-08-17 10:37:17,640 [ERROR] [MainThread] [root/api.py:84]: No internet connection or host not found. Unable to fetch weather.
2026-08-17 10:37:17,641 [WARNING] [MainThread] [root/weather.py:565]: Error processing weather data: Weather data is empty.. Retrying fetch in 10 seconds.
2026-08-17 10:37:27,641 [ERROR] [MainThread] [root/api.py:84]: No internet connection or host not found. Unable to fetch weather.
2026-08-17 10:37:27,641 [WARNING] [MainThread] [root/weather.py:565]: Error processing weather data: Weather data is empty.. Retrying fetch in 10 seconds.
2026-08-17 10:37:37,654 [ERROR] [MainThread] [root/api.py:84]: No internet connection or host not found. Unable to fetch weather.
2026-08-17 10:37:37,654 [WARNING] [MainThread] [root/weather.py:565]: Error processing weather data: Weather data is empty.. Retrying fetch in 10 seconds.
2026-08-17 10:37:47,660 [ERROR] [MainThread] [root/api.py:84]: No internet connection or host not found. Unable to fetch weather.
2026-08-17 10:37:47,661 [WARNING] [MainThread] [root/weather.py:565]: Error processing weather data: Weather data is empty.. Retrying fetch in 10 seconds.
2026-08-17 10:37:57,666 [ERROR] [MainThread] [root/api.py:84]: No internet connection or host not found. Unable to fetch weather.
2026-08-17 10:37:57,666 [WARNING] [MainThread] [root/weather.py:565]: Error processing weather data: Weather data is empty.. Retrying fetch in 10 seconds.
2026-08-17 10:38:07,674 [ERROR] [MainThread] [root/api.py:84]: No internet connection or host not found. Unable to fetch weather.
2026-08-17 10:38:07,675 [WARNING] [MainThread] [root/weather.py:565]: Error processing weather data: Weather data is empty.. Retrying fetch in 10 seconds.
2026-08-17 10:38:17,687 [ERROR] [MainThread] [root/api.py:84]: No internet connection or host not found. Unable to fetch weather.
2026-08-17 10:38:17,687 [WARNING] [MainThread] [root/weather.py:565]: Error processing weather data: Weather data is empty.. Retrying fetch in 10 seconds.
2026-08-17 10:38:27,702 [ERROR] [MainThread] [root/api.py:84]: No internet connection or host not found. Unable to fetch weather.
2026-08-17 10:38:27,703 [WARNING] [MainThread] [root/weather.py:565]: Error processing weather data: Weather data is empty.. Retrying fetch in 10 seconds.
2026-08-17 10:38:37,711 [ERROR] [MainThread] [root/api.py:84]: No internet connection or host not found. Unable to fetch weather.
2026-08-17 10:38:37,712 [WARNING] [MainThread] [root/weather.py:565]: Error processing weather data: Weather data is empty.. Retrying fetch in 10 seconds.
2026-08-17 10:38:47,711 [ERROR] [MainThread] [root/api.py:84]: No internet connection or host not found. Unable to fetch weather.
2026-08-17 10:38:47,711 [WARNING] [MainThread] [root/weather.py:565]: Error processing weather data: Weather data is empty.. Retrying fetch in 10 seconds.
2026-08-17 10:38:57,702 [ERROR] [MainThread] [root/api.py:84]: No internet connection or host not found. Unable to fetch weather.
2026-08-17 10:38:57,702 [WARNING] [MainThread] [root/weather.py:565]: Error processing weather data: Weather data is empty.. Retrying fetch in 10 seconds.
2026-08-17 10:39:07,713 [ERROR] [MainThread] [root/api.py:84]: No internet connection or host not found. Unable to fetch weather.
2026-08-17 10:39:07,714 [WARNING] [MainThread] [root/weather.py:565]: Error processing weather data: Weather data is empty.. Retrying fetch in 10 seconds.
2026-08-17 10:39:16,924 [INFO] [MainThread] [root/controller.py:43]: Exiting Application...
2026-08-17 10:39:17,040 [INFO] [MainThread] [cli_server/cli_server.py:114]: Log pipe server stopped
2026-08-17 10:39:17,112 [INFO] [MainThread] [root/bar_manager.py:119]: Stopping SystemEventListener...
2026-08-17 10:39:17,123 [INFO] [MainThread] [root/bar_manager.py:119]: Stopping KomorebiEventListener...
2026-08-17 10:39:17,126 [INFO] [MainThread] [taskbar_window_manager/window_manager.py:205]: TaskbarWindowManager stopped
2026-08-18 07:58:08,032 [INFO] [MainThread] [root/log.py:104]: YASB v2.0.6
2026-08-18 07:58:08,033 [INFO] [CLIPipeServer] [cli_server/cli_server.py:216]: CLI server started v1.1.7
2026-08-18 07:58:08,033 [INFO] [MainThread] [cli_server/cli_server.py:106]: Log pipe server started
2026-08-18 07:58:08,347 [INFO] [MainThread] [root/service.py:52]: AudioOutputService starting...
2026-08-18 07:58:08,661 [INFO] [MainThread] [taskbar_window_manager/window_manager.py:178]: TaskbarWindowManager is starting...
2026-08-18 07:58:08,664 [INFO] [MainThread] [root/bar_manager.py:103]: Starting KomorebiEventListener...
2026-08-18 07:58:08,664 [INFO] [MainThread] [root/bar_manager.py:103]: Starting SystemEventListener...
2026-08-18 07:58:08,665 [INFO] [MainThread] [root/watcher.py:65]: Watching directory: c:\users\admin\.config\yasb
2026-08-18 07:58:08,665 [INFO] [MainThread] [root/watcher.py:104]: Created file watcher
2026-08-18 07:58:08,665 [INFO] [Dummy-6] [root/event_listener.py:54]: Created named pipe yasb-736b1b9a-9aac-11f1-befe-9c2f9d779590
2026-08-18 07:58:08,685 [INFO] [MainThread] [root/update_service.py:434]: Background update checker started
2026-08-18 07:58:08,752 [WARNING] [Dummy-6] [root/event_listener.py:134]: Komorebi failed to subscribe named pipe. Komorebi is not running, please start Komorebi.
2026-08-18 07:58:09,643 [INFO] [MainThread] [root/api.py:69]: Fetching new weather data at 2026-08-18 07:58:09.643274
2026-08-18 08:05:19,556 [INFO] [Dummy-6] [root/event_listener.py:147]: Komorebi connected to named pipe: yasb-736b1b9a-9aac-11f1-befe-9c2f9d779590
2026-08-18 08:06:59,138 [WARNING] [Dummy-6] [root/event_listener.py:95]: Pipe has been ended: (109, 'PeekNamedPipe', 'The pipe has been ended.')
2026-08-18 08:06:59,142 [INFO] [Dummy-6] [root/event_listener.py:107]: Attempting to reconnect to Komorebi...
2026-08-18 08:07:02,154 [INFO] [Dummy-6] [root/event_listener.py:54]: Created named pipe yasb-736b1b9a-9aac-11f1-befe-9c2f9d779590
2026-08-18 08:07:02,239 [WARNING] [Dummy-6] [root/event_listener.py:134]: Komorebi failed to subscribe named pipe. Komorebi is not running, please start Komorebi.
2026-08-18 08:18:08,638 [INFO] [MainThread] [root/api.py:69]: Fetching new weather data at 2026-08-18 08:18:08.637939
2026-08-18 08:23:36,832 [INFO] [Dummy-6] [root/event_listener.py:147]: Komorebi connected to named pipe: yasb-736b1b9a-9aac-11f1-befe-9c2f9d779590
2026-08-18 08:24:28,620 [WARNING] [Dummy-6] [root/event_listener.py:95]: Pipe has been ended: (109, 'PeekNamedPipe', 'The pipe has been ended.')
2026-08-18 08:24:28,634 [INFO] [Dummy-6] [root/event_listener.py:107]: Attempting to reconnect to Komorebi...
2026-08-18 08:24:31,648 [INFO] [Dummy-6] [root/event_listener.py:54]: Created named pipe yasb-736b1b9a-9aac-11f1-befe-9c2f9d779590
2026-08-18 08:24:31,790 [WARNING] [Dummy-6] [root/event_listener.py:134]: Komorebi failed to subscribe named pipe. Komorebi is not running, please start Komorebi.
2026-08-18 08:28:00,023 [INFO] [Dummy-6] [root/event_listener.py:147]: Komorebi connected to named pipe: yasb-736b1b9a-9aac-11f1-befe-9c2f9d779590
2026-08-18 08:38:08,658 [INFO] [MainThread] [root/api.py:69]: Fetching new weather data at 2026-08-18 08:38:08.658697
2026-08-18 08:44:54,100 [WARNING] [Dummy-6] [root/event_listener.py:95]: Pipe has been ended: (109, 'PeekNamedPipe', 'The pipe has been ended.')
2026-08-18 08:44:54,101 [INFO] [Dummy-6] [root/event_listener.py:107]: Attempting to reconnect to Komorebi...
2026-08-18 08:44:57,105 [INFO] [Dummy-6] [root/event_listener.py:54]: Created named pipe yasb-736b1b9a-9aac-11f1-befe-9c2f9d779590
2026-08-18 08:44:57,173 [WARNING] [Dummy-6] [root/event_listener.py:134]: Komorebi failed to subscribe named pipe. Komorebi is not running, please start Komorebi.
2026-08-18 08:58:08,707 [INFO] [MainThread] [root/api.py:69]: Fetching new weather data at 2026-08-18 08:58:08.707766
2026-08-18 09:18:10,651 [INFO] [MainThread] [root/api.py:69]: Fetching new weather data at 2026-08-18 09:18:10.651457
2026-08-18 09:38:08,648 [INFO] [MainThread] [root/api.py:69]: Fetching new weather data at 2026-08-18 09:38:08.648624
2026-08-18 09:58:08,651 [INFO] [MainThread] [root/api.py:69]: Fetching new weather data at 2026-08-18 09:58:08.651714
2026-08-18 10:18:08,652 [INFO] [MainThread] [root/api.py:69]: Fetching new weather data at 2026-08-18 10:18:08.652922
2026-08-18 10:38:08,642 [INFO] [MainThread] [root/api.py:69]: Fetching new weather data at 2026-08-18 10:38:08.642612
2026-08-18 10:58:08,900 [INFO] [MainThread] [root/api.py:69]: Fetching new weather data at 2026-08-18 10:58:08.900335
2026-08-18 11:18:08,535 [INFO] [MainThread] [root/api.py:69]: Fetching new weather data at 2026-08-18 11:18:08.535869
2026-08-18 11:38:08,565 [INFO] [MainThread] [root/api.py:69]: Fetching new weather data at 2026-08-18 11:38:08.565496
2026-08-18 11:58:08,551 [INFO] [MainThread] [root/api.py:69]: Fetching new weather data at 2026-08-18 11:58:08.551562
2026-08-18 12:18:08,521 [INFO] [MainThread] [root/api.py:69]: Fetching new weather data at 2026-08-18 12:18:08.521752
2026-08-18 12:38:08,515 [INFO] [MainThread] [root/api.py:69]: Fetching new weather data at 2026-08-18 12:38:08.515802
2026-08-18 12:58:08,548 [INFO] [MainThread] [root/api.py:69]: Fetching new weather data at 2026-08-18 12:58:08.548550
2026-08-18 13:18:08,505 [INFO] [MainThread] [root/api.py:69]: Fetching new weather data at 2026-08-18 13:18:08.505355
2026-08-18 13:38:08,585 [INFO] [MainThread] [root/api.py:69]: Fetching new weather data at 2026-08-18 13:38:08.585339
2026-08-18 13:58:08,581 [INFO] [MainThread] [root/api.py:69]: Fetching new weather data at 2026-08-18 13:58:08.577328
2026-08-18 14:18:08,561 [INFO] [MainThread] [root/api.py:69]: Fetching new weather data at 2026-08-18 14:18:08.561403
2026-08-18 14:38:08,534 [INFO] [MainThread] [root/api.py:69]: Fetching new weather data at 2026-08-18 14:38:08.534333
2026-08-18 14:58:08,536 [INFO] [MainThread] [root/api.py:69]: Fetching new weather data at 2026-08-18 14:58:08.536574
2026-08-18 15:18:08,729 [INFO] [MainThread] [root/api.py:69]: Fetching new weather data at 2026-08-18 15:18:08.729750
2026-08-18 15:38:08,532 [INFO] [MainThread] [root/api.py:69]: Fetching new weather data at 2026-08-18 15:38:08.529741
2026-08-18 15:58:08,549 [INFO] [MainThread] [root/api.py:69]: Fetching new weather data at 2026-08-18 15:58:08.549028
2026-08-18 16:18:08,517 [INFO] [MainThread] [root/api.py:69]: Fetching new weather data at 2026-08-18 16:18:08.517238
2026-08-18 16:38:08,481 [INFO] [MainThread] [root/api.py:69]: Fetching new weather data at 2026-08-18 16:38:08.481696
2026-08-18 16:58:08,551 [INFO] [MainThread] [root/api.py:69]: Fetching new weather data at 2026-08-18 16:58:08.551414
2026-08-18 16:59:12,573 [INFO] [MainThread] [root/controller.py:43]: Exiting Application...
2026-08-18 16:59:12,681 [INFO] [MainThread] [cli_server/cli_server.py:114]: Log pipe server stopped
2026-08-18 16:59:12,733 [INFO] [MainThread] [root/bar_manager.py:119]: Stopping KomorebiEventListener...
2026-08-18 16:59:12,738 [INFO] [MainThread] [root/bar_manager.py:119]: Stopping SystemEventListener...
2026-08-18 16:59:12,741 [INFO] [MainThread] [taskbar_window_manager/window_manager.py:205]: TaskbarWindowManager stopped
2026-08-18 21:09:40,196 [INFO] [MainThread] [root/log.py:104]: YASB v2.0.6
2026-08-18 21:09:40,197 [INFO] [CLIPipeServer] [cli_server/cli_server.py:216]: CLI server started v1.1.7
2026-08-18 21:09:40,197 [INFO] [MainThread] [cli_server/cli_server.py:106]: Log pipe server started
2026-08-18 21:09:40,517 [INFO] [MainThread] [root/service.py:52]: AudioOutputService starting...
2026-08-18 21:09:40,823 [INFO] [MainThread] [taskbar_window_manager/window_manager.py:178]: TaskbarWindowManager is starting...
2026-08-18 21:09:40,827 [INFO] [MainThread] [root/bar_manager.py:103]: Starting SystemEventListener...
2026-08-18 21:09:40,827 [INFO] [MainThread] [root/bar_manager.py:103]: Starting KomorebiEventListener...
2026-08-18 21:09:40,828 [INFO] [MainThread] [root/watcher.py:65]: Watching directory: c:\users\admin\.config\yasb
2026-08-18 21:09:40,828 [INFO] [MainThread] [root/watcher.py:104]: Created file watcher
2026-08-18 21:09:40,829 [INFO] [Dummy-6] [root/event_listener.py:54]: Created named pipe yasb-06f41687-9b1b-11f1-a2f5-9c2f9d77958f
2026-08-18 21:09:40,854 [INFO] [MainThread] [root/update_service.py:434]: Background update checker started
2026-08-18 21:09:40,921 [WARNING] [Dummy-6] [root/event_listener.py:134]: Komorebi failed to subscribe named pipe. Komorebi is not running, please start Komorebi.
2026-08-18 21:09:40,926 [WARNING] [UpdateChecker] [root/update_service.py:300]: Network error checking for updates: [Errno 11001] getaddrinfo failed
2026-08-18 21:09:40,926 [WARNING] [UpdateChecker] [root/update_service.py:430]: Background update check failed: <urlopen error [Errno 11001] getaddrinfo failed>
2026-08-18 21:09:40,927 [ERROR] [MainThread] [root/api.py:84]: No internet connection or host not found. Unable to fetch weather.
2026-08-18 21:09:40,927 [WARNING] [MainThread] [root/weather.py:565]: Error processing weather data: Weather data is empty.. Retrying fetch in 10 seconds.
2026-08-18 21:09:50,920 [ERROR] [MainThread] [root/api.py:84]: No internet connection or host not found. Unable to fetch weather.
2026-08-18 21:09:50,920 [WARNING] [MainThread] [root/weather.py:565]: Error processing weather data: Weather data is empty.. Retrying fetch in 10 seconds.
2026-08-18 21:10:00,934 [ERROR] [MainThread] [root/api.py:84]: No internet connection or host not found. Unable to fetch weather.
2026-08-18 21:10:00,934 [WARNING] [MainThread] [root/weather.py:565]: Error processing weather data: Weather data is empty.. Retrying fetch in 10 seconds.
2026-08-18 21:10:10,943 [ERROR] [MainThread] [root/api.py:84]: No internet connection or host not found. Unable to fetch weather.
2026-08-18 21:10:10,944 [WARNING] [MainThread] [root/weather.py:565]: Error processing weather data: Weather data is empty.. Retrying fetch in 10 seconds.
2026-08-18 21:10:20,940 [ERROR] [MainThread] [root/api.py:84]: No internet connection or host not found. Unable to fetch weather.
2026-08-18 21:10:20,940 [WARNING] [MainThread] [root/weather.py:565]: Error processing weather data: Weather data is empty.. Retrying fetch in 10 seconds.
2026-08-18 21:10:30,957 [ERROR] [MainThread] [root/api.py:84]: No internet connection or host not found. Unable to fetch weather.
2026-08-18 21:10:30,957 [WARNING] [MainThread] [root/weather.py:565]: Error processing weather data: Weather data is empty.. Retrying fetch in 10 seconds.
2026-08-18 21:10:40,958 [ERROR] [MainThread] [root/api.py:84]: No internet connection or host not found. Unable to fetch weather.
2026-08-18 21:10:40,959 [WARNING] [MainThread] [root/weather.py:565]: Error processing weather data: Weather data is empty.. Retrying fetch in 10 seconds.
2026-08-18 21:10:51,433 [INFO] [MainThread] [root/api.py:69]: Fetching new weather data at 2026-08-18 21:10:51.433064
2026-08-18 21:29:40,765 [INFO] [MainThread] [root/api.py:69]: Fetching new weather data at 2026-08-18 21:29:40.765465
2026-08-18 21:49:40,984 [INFO] [MainThread] [root/api.py:69]: Fetching new weather data at 2026-08-18 21:49:40.984377
2026-08-18 22:09:40,865 [INFO] [MainThread] [root/api.py:69]: Fetching new weather data at 2026-08-18 22:09:40.865479
2026-08-18 22:22:41,747 [INFO] [MainThread] [root/controller.py:43]: Exiting Application...
2026-08-18 22:22:41,854 [INFO] [MainThread] [cli_server/cli_server.py:114]: Log pipe server stopped
2026-08-18 22:22:41,906 [INFO] [MainThread] [root/bar_manager.py:119]: Stopping SystemEventListener...
2026-08-18 22:22:41,916 [INFO] [MainThread] [root/bar_manager.py:119]: Stopping KomorebiEventListener...
2026-08-18 22:22:41,922 [INFO] [MainThread] [taskbar_window_manager/window_manager.py:205]: TaskbarWindowManager stopped
2026-08-19 08:03:05,979 [INFO] [MainThread] [root/log.py:104]: YASB v2.0.6
2026-08-19 08:03:05,981 [INFO] [CLIPipeServer] [cli_server/cli_server.py:216]: CLI server started v1.1.7
2026-08-19 08:03:05,981 [INFO] [MainThread] [cli_server/cli_server.py:106]: Log pipe server started
2026-08-19 08:03:06,280 [INFO] [MainThread] [root/service.py:52]: AudioOutputService starting...
2026-08-19 08:03:06,582 [INFO] [MainThread] [taskbar_window_manager/window_manager.py:178]: TaskbarWindowManager is starting...
2026-08-19 08:03:06,585 [INFO] [MainThread] [root/bar_manager.py:103]: Starting KomorebiEventListener...
2026-08-19 08:03:06,586 [INFO] [MainThread] [root/bar_manager.py:103]: Starting SystemEventListener...
2026-08-19 08:03:06,586 [INFO] [MainThread] [root/watcher.py:65]: Watching directory: c:\users\admin\.config\yasb
2026-08-19 08:03:06,587 [INFO] [MainThread] [root/watcher.py:104]: Created file watcher
2026-08-19 08:03:06,587 [INFO] [Dummy-6] [root/event_listener.py:54]: Created named pipe yasb-4f680c96-9b76-11f1-a2fd-c6bc9a2365bc
2026-08-19 08:03:06,612 [INFO] [MainThread] [root/update_service.py:434]: Background update checker started
2026-08-19 08:03:06,700 [WARNING] [Dummy-6] [root/event_listener.py:134]: Komorebi failed to subscribe named pipe. Komorebi is not running, please start Komorebi.
2026-08-19 08:03:08,002 [INFO] [MainThread] [root/api.py:69]: Fetching new weather data at 2026-08-19 08:03:08.002468
2026-08-19 08:20:16,176 [INFO] [MainThread] [root/log.py:104]: YASB v2.0.6
2026-08-19 08:20:16,177 [INFO] [CLIPipeServer] [cli_server/cli_server.py:216]: CLI server started v1.1.7
2026-08-19 08:20:16,178 [INFO] [MainThread] [cli_server/cli_server.py:106]: Log pipe server started
2026-08-19 08:20:16,178 [ERROR] [MainThread] [root/main.py:77]: Another instance of the YASB is already running.
2026-08-19 08:21:48,164 [INFO] [MainThread] [root/bar_helper.py:594]: AppBarManager need to re-register 1 bar
2026-08-19 08:21:48,237 [INFO] [MainThread] [root/bar_helper.py:603]: Re-registered AppBar for primary-bar_DISPLAY1_2688323b (space reservation + fullscreen)
2026-08-19 08:23:06,603 [INFO] [MainThread] [root/api.py:69]: Fetching new weather data at 2026-08-19 08:23:06.602971
Windows fatal exception: code 0x800706ba

Thread 0x00000ee8 [Thread-4] (most recent call first):
  File "C:\hostedtoolcache\windows\Python\3.14.6\x64\Lib\threading.py", line 369 in wait
  File "C:\hostedtoolcache\windows\Python\3.14.6\x64\Lib\queue.py", line 199 in get
  File "D:\a\yasb\yasb\venv\Lib\site-packages\watchdog\observers\api.py", line 379 in dispatch_events
  File "D:\a\yasb\yasb\venv\Lib\site-packages\watchdog\observers\api.py", line 213 in run
  File "C:\hostedtoolcache\windows\Python\3.14.6\x64\Lib\threading.py", line 1082 in _bootstrap_inner
  File "C:\hostedtoolcache\windows\Python\3.14.6\x64\Lib\threading.py", line 1044 in _bootstrap

Thread 0x000010d8 [SystemEventListener] (most recent call first):
  File "D:\a\yasb\yasb\src\core\utils\win32\event_listener.py", line 69 in run

Thread 0x00001038 [KomorebiEventListener] (most recent call first):
  File "C:\hostedtoolcache\windows\Python\3.14.6\x64\Lib\threading.py", line 373 in wait
  File "C:\hostedtoolcache\windows\Python\3.14.6\x64\Lib\threading.py", line 670 in wait
  File "D:\a\yasb\yasb\src\core\widgets\services\komorebi\event_listener.py", line 139 in _wait_until_komorebi_online
  File "D:\a\yasb\yasb\src\core\widgets\services\komorebi\event_listener.py", line 69 in run

Thread 0x000010dc [Thread-5] (most recent call first):
  File "D:\a\yasb\yasb\venv\Lib\site-packages\watchdog\observers\winapi.py", line 326 in read_directory_changes
  File "D:\a\yasb\yasb\venv\Lib\site-packages\watchdog\observers\winapi.py", line 380 in read_events
  File "D:\a\yasb\yasb\venv\Lib\site-packages\watchdog\observers\read_directory_changes.py", line 67 in _read_events
  File "D:\a\yasb\yasb\venv\Lib\site-packages\watchdog\observers\read_directory_changes.py", line 70 in queue_events
  File "D:\a\yasb\yasb\venv\Lib\site-packages\watchdog\observers\api.py", line 158 in run
  File "C:\hostedtoolcache\windows\Python\3.14.6\x64\Lib\threading.py", line 1082 in _bootstrap_inner
  File "C:\hostedtoolcache\windows\Python\3.14.6\x64\Lib\threading.py", line 1044 in _bootstrap

Thread 0x00001be4 [_EventWorker] (most recent call first):
  File "D:\a\yasb\yasb\venv\Lib\site-packages\qasync\_windows.py", line 147 in _poll
  File "D:\a\yasb\yasb\venv\Lib\site-packages\qasync\_windows.py", line 72 in select
  File "D:\a\yasb\yasb\venv\Lib\site-packages\qasync\_windows.py", line 199 in run

Thread 0x00001bc0 [LogPipeServer] (most recent call first):
  File "D:\a\yasb\yasb\src\core\utils\win32\bindings\kernel32.py", line 291 in ConnectNamedPipe
  File "D:\a\yasb\yasb\src\core\utils\cli_server.py", line 138 in _run_server
  File "C:\hostedtoolcache\windows\Python\3.14.6\x64\Lib\threading.py", line 1024 in run
  File "C:\hostedtoolcache\windows\Python\3.14.6\x64\Lib\threading.py", line 1082 in _bootstrap_inner
  File "C:\hostedtoolcache\windows\Python\3.14.6\x64\Lib\threading.py", line 1044 in _bootstrap

Thread 0x000013c4 [CLIPipeServer] (most recent call first):
  File "D:\a\yasb\yasb\src\core\utils\win32\bindings\kernel32.py", line 291 in ConnectNamedPipe
  File "D:\a\yasb\yasb\src\core\utils\cli_server.py", line 235 in _run_server
  File "C:\hostedtoolcache\windows\Python\3.14.6\x64\Lib\threading.py", line 1024 in run
  File "C:\hostedtoolcache\windows\Python\3.14.6\x64\Lib\threading.py", line 1082 in _bootstrap_inner
  File "C:\hostedtoolcache\windows\Python\3.14.6\x64\Lib\threading.py", line 1044 in _bootstrap

Current thread 0x00000874 (most recent call first):
  File "D:\a\yasb\yasb\src\core\widgets\services\taskbar\application_window.py", line 254 in _is_ghost_uwp_app
  File "D:\a\yasb\yasb\src\core\widgets\services\taskbar\application_window.py", line 305 in is_taskbar_window
  File "D:\a\yasb\yasb\src\core\widgets\services\taskbar\window_manager.py", line 536 in _add_window
  File "D:\a\yasb\yasb\src\core\widgets\services\taskbar\window_manager.py", line 407 in _on_window_redraw
  File "D:\a\yasb\yasb\src\core\widgets\services\taskbar\window_manager.py", line 311 in _handle_shell_hook_message
  File "D:\a\yasb\yasb\src\core\widgets\services\taskbar\window_manager.py", line 116 in nativeEventFilter
  File "D:\a\yasb\yasb\venv\Lib\site-packages\qasync\__init__.py", line 404 in run_forever
  File "D:\a\yasb\yasb\venv\Lib\site-packages\qasync\__init__.py", line 428 in run_until_complete
  File "main.py", line 100 in main
  File "main.py", line 203 in <module>
  File "D:\a\yasb\yasb\venv\Lib\site-packages\freeze_core\initscripts\console.py", line 43 in run
  File "src/freeze_core/initscripts/__startup__.py", line 147 in run
Windows fatal exception: code 0x800706ba

Thread 0x00000ee8 [Thread-4] (most recent call first):
  File "C:\hostedtoolcache\windows\Python\3.14.6\x64\Lib\threading.py", line 369 in wait
  File "C:\hostedtoolcache\windows\Python\3.14.6\x64\Lib\queue.py", line 199 in get
  File "D:\a\yasb\yasb\venv\Lib\site-packages\watchdog\observers\api.py", line 379 in dispatch_events
  File "D:\a\yasb\yasb\venv\Lib\site-packages\watchdog\observers\api.py", line 213 in run
  File "C:\hostedtoolcache\windows\Python\3.14.6\x64\Lib\threading.py", line 1082 in _bootstrap_inner
  File "C:\hostedtoolcache\windows\Python\3.14.6\x64\Lib\threading.py", line 1044 in _bootstrap

Thread 0x000010d8 [SystemEventListener] (most recent call first):
  File "D:\a\yasb\yasb\src\core\utils\win32\event_listener.py", line 69 in run

Thread 0x00001038 [KomorebiEventListener] (most recent call first):
  File "C:\hostedtoolcache\windows\Python\3.14.6\x64\Lib\threading.py", line 373 in wait
  File "C:\hostedtoolcache\windows\Python\3.14.6\x64\Lib\threading.py", line 670 in wait
  File "D:\a\yasb\yasb\src\core\widgets\services\komorebi\event_listener.py", line 139 in _wait_until_komorebi_online
  File "D:\a\yasb\yasb\src\core\widgets\services\komorebi\event_listener.py", line 69 in run

Thread 0x000010dc [Thread-5] (most recent call first):
  File "D:\a\yasb\yasb\venv\Lib\site-packages\watchdog\observers\winapi.py", line 326 in read_directory_changes
  File "D:\a\yasb\yasb\venv\Lib\site-packages\watchdog\observers\winapi.py", line 380 in read_events
  File "D:\a\yasb\yasb\venv\Lib\site-packages\watchdog\observers\read_directory_changes.py", line 67 in _read_events
  File "D:\a\yasb\yasb\venv\Lib\site-packages\watchdog\observers\read_directory_changes.py", line 70 in queue_events
  File "D:\a\yasb\yasb\venv\Lib\site-packages\watchdog\observers\api.py", line 158 in run
  File "C:\hostedtoolcache\windows\Python\3.14.6\x64\Lib\threading.py", line 1082 in _bootstrap_inner
  File "C:\hostedtoolcache\windows\Python\3.14.6\x64\Lib\threading.py", line 1044 in _bootstrap

Thread 0x00001be4 [_EventWorker] (most recent call first):
  File "D:\a\yasb\yasb\venv\Lib\site-packages\qasync\_windows.py", line 147 in _poll
  File "D:\a\yasb\yasb\venv\Lib\site-packages\qasync\_windows.py", line 72 in select
  File "D:\a\yasb\yasb\venv\Lib\site-packages\qasync\_windows.py", line 199 in run

Thread 0x00001bc0 [LogPipeServer] (most recent call first):
  File "D:\a\yasb\yasb\src\core\utils\win32\bindings\kernel32.py", line 291 in ConnectNamedPipe
  File "D:\a\yasb\yasb\src\core\utils\cli_server.py", line 138 in _run_server
  File "C:\hostedtoolcache\windows\Python\3.14.6\x64\Lib\threading.py", line 1024 in run
  File "C:\hostedtoolcache\windows\Python\3.14.6\x64\Lib\threading.py", line 1082 in _bootstrap_inner
  File "C:\hostedtoolcache\windows\Python\3.14.6\x64\Lib\threading.py", line 1044 in _bootstrap

Thread 0x000013c4 [CLIPipeServer] (most recent call first):
  File "D:\a\yasb\yasb\src\core\utils\win32\bindings\kernel32.py", line 291 in ConnectNamedPipe
  File "D:\a\yasb\yasb\src\core\utils\cli_server.py", line 235 in _run_server
  File "C:\hostedtoolcache\windows\Python\3.14.6\x64\Lib\threading.py", line 1024 in run
  File "C:\hostedtoolcache\windows\Python\3.14.6\x64\Lib\threading.py", line 1082 in _bootstrap_inner
  File "C:\hostedtoolcache\windows\Python\3.14.6\x64\Lib\threading.py", line 1044 in _bootstrap

Current thread 0x00000874 (most recent call first):
  File "D:\a\yasb\yasb\src\core\widgets\services\taskbar\application_window.py", line 254 in _is_ghost_uwp_app
  File "D:\a\yasb\yasb\src\core\widgets\services\taskbar\application_window.py", line 305 in is_taskbar_window
  File "D:\a\yasb\yasb\src\core\widgets\services\taskbar\window_manager.py", line 536 in _add_window
  File "D:\a\yasb\yasb\src\core\widgets\services\taskbar\window_manager.py", line 407 in _on_window_redraw
  File "D:\a\yasb\yasb\src\core\widgets\services\taskbar\window_manager.py", line 311 in _handle_shell_hook_message
  File "D:\a\yasb\yasb\src\core\widgets\services\taskbar\window_manager.py", line 116 in nativeEventFilter
  File "D:\a\yasb\yasb\venv\Lib\site-packages\qasync\__init__.py", line 404 in run_forever
  File "D:\a\yasb\yasb\venv\Lib\site-packages\qasync\__init__.py", line 428 in run_until_complete
  File "main.py", line 100 in main
  File "main.py", line 203 in <module>
  File "D:\a\yasb\yasb\venv\Lib\site-packages\freeze_core\initscripts\console.py", line 43 in run
  File "src/freeze_core/initscripts/__startup__.py", line 147 in run
2026-08-19 08:39:18,455 [INFO] [Dummy-6] [root/event_listener.py:147]: Komorebi connected to named pipe: yasb-4f680c96-9b76-11f1-a2fd-c6bc9a2365bc
2026-08-19 08:43:06,411 [INFO] [MainThread] [root/api.py:69]: Fetching new weather data at 2026-08-19 08:43:06.411049
2026-08-19 09:03:06,327 [INFO] [MainThread] [root/api.py:69]: Fetching new weather data at 2026-08-19 09:03:06.327324
2026-08-19 09:19:05,061 [INFO] [MainThread] [root/controller.py:43]: Exiting Application...
2026-08-19 09:19:05,169 [INFO] [MainThread] [cli_server/cli_server.py:114]: Log pipe server stopped
2026-08-19 09:19:05,222 [INFO] [MainThread] [root/bar_manager.py:119]: Stopping KomorebiEventListener...
2026-08-19 09:19:05,229 [INFO] [MainThread] [root/bar_manager.py:119]: Stopping SystemEventListener...
2026-08-19 09:19:05,236 [INFO] [MainThread] [taskbar_window_manager/window_manager.py:205]: TaskbarWindowManager stopped
2026-08-19 09:19:51,932 [INFO] [MainThread] [root/log.py:104]: YASB v2.0.6
2026-08-19 09:19:51,933 [INFO] [CLIPipeServer] [cli_server/cli_server.py:216]: CLI server started v1.1.7
2026-08-19 09:19:51,933 [INFO] [MainThread] [cli_server/cli_server.py:106]: Log pipe server started
2026-08-19 09:19:52,234 [INFO] [MainThread] [root/service.py:52]: AudioOutputService starting...
2026-08-19 09:19:52,571 [INFO] [MainThread] [taskbar_window_manager/window_manager.py:178]: TaskbarWindowManager is starting...
2026-08-19 09:19:52,574 [INFO] [MainThread] [root/bar_manager.py:103]: Starting KomorebiEventListener...
2026-08-19 09:19:52,575 [INFO] [MainThread] [root/bar_manager.py:103]: Starting SystemEventListener...
2026-08-19 09:19:52,575 [INFO] [MainThread] [root/watcher.py:65]: Watching directory: c:\users\admin\.config\yasb
2026-08-19 09:19:52,576 [INFO] [MainThread] [root/watcher.py:104]: Created file watcher
2026-08-19 09:19:52,576 [INFO] [Dummy-6] [root/event_listener.py:54]: Created named pipe yasb-08ca2d4a-9b81-11f1-ad08-9c2f9d779590
2026-08-19 09:19:52,596 [INFO] [MainThread] [root/update_service.py:434]: Background update checker started
2026-08-19 09:19:52,643 [INFO] [MainThread] [root/log.py:104]: YASB v2.0.6
2026-08-19 09:19:52,643 [INFO] [CLIPipeServer] [cli_server/cli_server.py:216]: CLI server started v1.1.7
2026-08-19 09:19:52,644 [INFO] [MainThread] [cli_server/cli_server.py:106]: Log pipe server started
2026-08-19 09:19:52,644 [ERROR] [MainThread] [root/main.py:77]: Another instance of the YASB is already running.
2026-08-19 09:19:52,665 [WARNING] [Dummy-6] [root/event_listener.py:134]: Komorebi failed to subscribe named pipe. Komorebi is not running, please start Komorebi.
2026-08-19 09:19:54,013 [INFO] [MainThread] [root/api.py:69]: Fetching new weather data at 2026-08-19 09:19:54.013898
2026-08-19 09:24:10,959 [INFO] [Dummy-6] [root/event_listener.py:147]: Komorebi connected to named pipe: yasb-08ca2d4a-9b81-11f1-ad08-9c2f9d779590
2026-08-19 09:39:53,344 [INFO] [MainThread] [root/api.py:69]: Fetching new weather data at 2026-08-19 09:39:53.344033
2026-08-19 09:59:52,418 [INFO] [MainThread] [root/api.py:69]: Fetching new weather data at 2026-08-19 09:59:52.417962
2026-08-19 10:19:52,352 [INFO] [MainThread] [root/api.py:69]: Fetching new weather data at 2026-08-19 10:19:52.352307
2026-08-19 10:33:29,753 [INFO] [MainThread] [root/bar_helper.py:594]: AppBarManager need to re-register 1 bar
2026-08-19 10:33:29,921 [INFO] [MainThread] [root/bar_helper.py:603]: Re-registered AppBar for primary-bar_DISPLAY1_330ec53c (space reservation + fullscreen)
2026-08-19 10:34:06,376 [WARNING] [Dummy-6] [root/event_listener.py:95]: Pipe has been ended: (109, 'PeekNamedPipe', 'The pipe has been ended.')
2026-08-19 10:34:06,378 [INFO] [Dummy-6] [root/event_listener.py:107]: Attempting to reconnect to Komorebi...
2026-08-19 10:34:09,400 [INFO] [Dummy-6] [root/event_listener.py:54]: Created named pipe yasb-08ca2d4a-9b81-11f1-ad08-9c2f9d779590
2026-08-19 10:34:09,473 [WARNING] [Dummy-6] [root/event_listener.py:134]: Komorebi failed to subscribe named pipe. Komorebi is not running, please start Komorebi.
2026-08-19 10:39:52,387 [INFO] [MainThread] [root/api.py:69]: Fetching new weather data at 2026-08-19 10:39:52.386992
2026-08-19 10:52:39,693 [INFO] [MainThread] [root/bar_helper.py:594]: AppBarManager need to re-register 1 bar
2026-08-19 10:52:39,710 [INFO] [MainThread] [root/bar_helper.py:603]: Re-registered AppBar for primary-bar_DISPLAY1_330ec53c (space reservation + fullscreen)
2026-08-19 10:52:58,870 [INFO] [MainThread] [root/bar_helper.py:594]: AppBarManager need to re-register 1 bar
2026-08-19 10:52:58,882 [INFO] [MainThread] [root/bar_helper.py:603]: Re-registered AppBar for primary-bar_DISPLAY1_330ec53c (space reservation + fullscreen)
2026-08-19 10:53:13,230 [INFO] [MainThread] [root/controller.py:43]: Exiting Application...
2026-08-19 10:53:13,336 [INFO] [MainThread] [cli_server/cli_server.py:114]: Log pipe server stopped
2026-08-19 10:53:13,374 [INFO] [MainThread] [root/bar_manager.py:119]: Stopping KomorebiEventListener...
2026-08-19 10:53:13,377 [INFO] [MainThread] [root/bar_manager.py:119]: Stopping SystemEventListener...
2026-08-19 10:53:13,380 [INFO] [MainThread] [taskbar_window_manager/window_manager.py:205]: TaskbarWindowManager stopped
2026-08-19 11:24:24,270 [INFO] [MainThread] [root/log.py:104]: YASB v2.0.6
2026-08-19 11:24:24,270 [INFO] [CLIPipeServer] [cli_server/cli_server.py:216]: CLI server started v1.1.7
2026-08-19 11:24:24,271 [INFO] [MainThread] [cli_server/cli_server.py:106]: Log pipe server started
2026-08-19 11:24:24,568 [INFO] [MainThread] [root/service.py:52]: AudioOutputService starting...
2026-08-19 11:24:24,924 [INFO] [MainThread] [taskbar_window_manager/window_manager.py:178]: TaskbarWindowManager is starting...
2026-08-19 11:24:24,927 [INFO] [MainThread] [root/bar_manager.py:103]: Starting SystemEventListener...
2026-08-19 11:24:24,928 [INFO] [MainThread] [root/bar_manager.py:103]: Starting KomorebiEventListener...
2026-08-19 11:24:24,928 [INFO] [MainThread] [root/watcher.py:65]: Watching directory: c:\users\admin\.config\yasb
2026-08-19 11:24:24,929 [INFO] [MainThread] [root/watcher.py:104]: Created file watcher
2026-08-19 11:24:24,929 [INFO] [Dummy-6] [root/event_listener.py:54]: Created named pipe yasb-6ea8ce59-9b92-11f1-a838-9c2f9d779590
2026-08-19 11:24:24,947 [INFO] [MainThread] [root/update_service.py:434]: Background update checker started
2026-08-19 11:24:25,017 [WARNING] [Dummy-6] [root/event_listener.py:134]: Komorebi failed to subscribe named pipe. Komorebi is not running, please start Komorebi.
2026-08-19 11:24:25,462 [INFO] [MainThread] [root/api.py:69]: Fetching new weather data at 2026-08-19 11:24:25.462519
2026-08-19 11:31:23,959 [INFO] [MainThread] [root/bar_helper.py:594]: AppBarManager need to re-register 1 bar
2026-08-19 11:31:23,986 [INFO] [MainThread] [root/bar_helper.py:603]: Re-registered AppBar for primary-bar_DISPLAY1_a0b52fa7 (space reservation + fullscreen)
2026-08-19 11:31:34,624 [INFO] [MainThread] [root/controller.py:43]: Exiting Application...
2026-08-19 11:31:34,731 [INFO] [MainThread] [cli_server/cli_server.py:114]: Log pipe server stopped
2026-08-19 11:31:34,757 [INFO] [MainThread] [root/bar_manager.py:119]: Stopping SystemEventListener...
2026-08-19 11:31:34,758 [INFO] [MainThread] [root/bar_manager.py:119]: Stopping KomorebiEventListener...
2026-08-19 11:31:34,760 [INFO] [MainThread] [taskbar_window_manager/window_manager.py:205]: TaskbarWindowManager stopped
2026-08-19 11:32:08,992 [INFO] [MainThread] [root/log.py:104]: YASB v2.0.6
2026-08-19 11:32:08,993 [INFO] [CLIPipeServer] [cli_server/cli_server.py:216]: CLI server started v1.1.7
2026-08-19 11:32:08,994 [INFO] [MainThread] [cli_server/cli_server.py:106]: Log pipe server started
2026-08-19 11:32:09,291 [INFO] [MainThread] [root/service.py:52]: AudioOutputService starting...
2026-08-19 11:32:09,639 [INFO] [MainThread] [taskbar_window_manager/window_manager.py:178]: TaskbarWindowManager is starting...
2026-08-19 11:32:09,642 [INFO] [MainThread] [root/bar_manager.py:103]: Starting KomorebiEventListener...
2026-08-19 11:32:09,642 [INFO] [MainThread] [root/bar_manager.py:103]: Starting SystemEventListener...
2026-08-19 11:32:09,642 [INFO] [MainThread] [root/watcher.py:65]: Watching directory: c:\users\admin\.config\yasb
2026-08-19 11:32:09,643 [INFO] [MainThread] [root/watcher.py:104]: Created file watcher
2026-08-19 11:32:09,643 [INFO] [Dummy-6] [root/event_listener.py:54]: Created named pipe yasb-83a6840e-9b93-11f1-80af-9c2f9d779590
2026-08-19 11:32:09,662 [INFO] [MainThread] [root/update_service.py:434]: Background update checker started
2026-08-19 11:32:09,720 [ERROR] [MainThread] [root/api.py:84]: No internet connection or host not found. Unable to fetch weather.
2026-08-19 11:32:09,720 [WARNING] [MainThread] [root/weather.py:565]: Error processing weather data: Weather data is empty.. Retrying fetch in 10 seconds.
2026-08-19 11:32:09,743 [WARNING] [Dummy-6] [root/event_listener.py:134]: Komorebi failed to subscribe named pipe. Komorebi is not running, please start Komorebi.
2026-08-19 11:32:19,722 [ERROR] [MainThread] [root/api.py:84]: No internet connection or host not found. Unable to fetch weather.
2026-08-19 11:32:19,723 [WARNING] [MainThread] [root/weather.py:565]: Error processing weather data: Weather data is empty.. Retrying fetch in 10 seconds.
2026-08-19 11:32:29,719 [ERROR] [MainThread] [root/api.py:84]: No internet connection or host not found. Unable to fetch weather.
2026-08-19 11:32:29,719 [WARNING] [MainThread] [root/weather.py:565]: Error processing weather data: Weather data is empty.. Retrying fetch in 10 seconds.
2026-08-19 11:32:39,731 [ERROR] [MainThread] [root/api.py:84]: No internet connection or host not found. Unable to fetch weather.
2026-08-19 11:32:39,731 [WARNING] [MainThread] [root/weather.py:565]: Error processing weather data: Weather data is empty.. Retrying fetch in 10 seconds.
2026-08-19 11:32:49,716 [ERROR] [MainThread] [root/api.py:84]: No internet connection or host not found. Unable to fetch weather.
2026-08-19 11:32:49,716 [WARNING] [MainThread] [root/weather.py:565]: Error processing weather data: Weather data is empty.. Retrying fetch in 10 seconds.
2026-08-19 11:32:59,716 [ERROR] [MainThread] [root/api.py:84]: No internet connection or host not found. Unable to fetch weather.
2026-08-19 11:32:59,717 [WARNING] [MainThread] [root/weather.py:565]: Error processing weather data: Weather data is empty.. Retrying fetch in 10 seconds.
2026-08-19 11:33:10,166 [INFO] [MainThread] [root/api.py:69]: Fetching new weather data at 2026-08-19 11:33:10.166486
2026-08-19 11:35:01,167 [INFO] [MainThread] [root/bar_helper.py:594]: AppBarManager need to re-register 1 bar
2026-08-19 11:35:01,183 [INFO] [MainThread] [root/bar_helper.py:603]: Re-registered AppBar for primary-bar_DISPLAY1_1a54a131 (space reservation + fullscreen)
2026-08-19 11:36:10,149 [INFO] [MainThread] [root/bar_manager.py:119]: Stopping KomorebiEventListener...
2026-08-19 11:36:10,156 [INFO] [MainThread] [root/bar_manager.py:119]: Stopping SystemEventListener...
2026-08-19 11:36:10,177 [INFO] [MainThread] [taskbar_window_manager/window_manager.py:205]: TaskbarWindowManager stopped
2026-08-19 11:36:39,387 [INFO] [MainThread] [root/log.py:104]: YASB v2.0.6
2026-08-19 11:36:39,388 [INFO] [CLIPipeServer] [cli_server/cli_server.py:216]: CLI server started v1.1.7
2026-08-19 11:36:39,388 [INFO] [MainThread] [cli_server/cli_server.py:106]: Log pipe server started
2026-08-19 11:36:39,689 [INFO] [MainThread] [root/service.py:52]: AudioOutputService starting...
2026-08-19 11:36:39,986 [INFO] [MainThread] [taskbar_window_manager/window_manager.py:178]: TaskbarWindowManager is starting...
2026-08-19 11:36:39,990 [INFO] [MainThread] [root/bar_manager.py:103]: Starting SystemEventListener...
2026-08-19 11:36:39,990 [INFO] [MainThread] [root/bar_manager.py:103]: Starting KomorebiEventListener...
2026-08-19 11:36:39,991 [INFO] [MainThread] [root/watcher.py:65]: Watching directory: c:\users\admin\.config\yasb
2026-08-19 11:36:39,991 [INFO] [MainThread] [root/watcher.py:104]: Created file watcher
2026-08-19 11:36:39,991 [INFO] [Dummy-6] [root/event_listener.py:54]: Created named pipe yasb-24ca75c7-9b94-11f1-9c8e-9c2f9d779590
2026-08-19 11:36:40,012 [INFO] [MainThread] [root/update_service.py:434]: Background update checker started
2026-08-19 11:36:40,090 [WARNING] [Dummy-6] [root/event_listener.py:134]: Komorebi failed to subscribe named pipe. Komorebi is not running, please start Komorebi.
2026-08-19 11:36:40,091 [ERROR] [MainThread] [root/api.py:84]: No internet connection or host not found. Unable to fetch weather.
2026-08-19 11:36:40,091 [WARNING] [MainThread] [root/weather.py:565]: Error processing weather data: Weather data is empty.. Retrying fetch in 10 seconds.
2026-08-19 11:36:50,098 [ERROR] [MainThread] [root/api.py:84]: No internet connection or host not found. Unable to fetch weather.
2026-08-19 11:36:50,098 [WARNING] [MainThread] [root/weather.py:565]: Error processing weather data: Weather data is empty.. Retrying fetch in 10 seconds.
2026-08-19 11:37:00,093 [ERROR] [MainThread] [root/api.py:84]: No internet connection or host not found. Unable to fetch weather.
2026-08-19 11:37:00,093 [WARNING] [MainThread] [root/weather.py:565]: Error processing weather data: Weather data is empty.. Retrying fetch in 10 seconds.
2026-08-19 11:37:10,099 [ERROR] [MainThread] [root/api.py:84]: No internet connection or host not found. Unable to fetch weather.
2026-08-19 11:37:10,100 [WARNING] [MainThread] [root/weather.py:565]: Error processing weather data: Weather data is empty.. Retrying fetch in 10 seconds.
2026-08-19 11:37:20,093 [ERROR] [MainThread] [root/api.py:84]: No internet connection or host not found. Unable to fetch weather.
2026-08-19 11:37:20,093 [WARNING] [MainThread] [root/weather.py:565]: Error processing weather data: Weather data is empty.. Retrying fetch in 10 seconds.
2026-08-19 11:37:30,104 [ERROR] [MainThread] [root/api.py:84]: No internet connection or host not found. Unable to fetch weather.
2026-08-19 11:37:30,104 [WARNING] [MainThread] [root/weather.py:565]: Error processing weather data: Weather data is empty.. Retrying fetch in 10 seconds.
2026-08-19 11:37:40,282 [INFO] [MainThread] [root/api.py:69]: Fetching new weather data at 2026-08-19 11:37:40.282769
2026-08-19 11:37:40,465 [WARNING] [MainThread] [root/api.py:137]: Failed to fetch icon http://cdn.weatherapi.com/weather/64x64/day/143.png: TemporaryNetworkFailureError 7
2026-08-19 11:37:40,466 [WARNING] [MainThread] [root/api.py:137]: Failed to fetch icon http://cdn.weatherapi.com/weather/64x64/night/116.png: TemporaryNetworkFailureError 7
2026-08-19 11:37:40,466 [WARNING] [MainThread] [root/api.py:137]: Failed to fetch icon http://cdn.weatherapi.com/weather/64x64/night/119.png: TemporaryNetworkFailureError 7
2026-08-19 11:40:58,245 [INFO] [MainThread] [root/bar_helper.py:594]: AppBarManager need to re-register 1 bar
2026-08-19 11:40:58,269 [INFO] [MainThread] [root/bar_helper.py:603]: Re-registered AppBar for primary-bar_DISPLAY1_7c886c80 (space reservation + fullscreen)
2026-08-19 11:41:28,244 [INFO] [MainThread] [root/bar_helper.py:594]: AppBarManager need to re-register 1 bar
2026-08-19 11:41:28,257 [INFO] [MainThread] [root/bar_helper.py:603]: Re-registered AppBar for primary-bar_DISPLAY1_7c886c80 (space reservation + fullscreen)
2026-08-19 11:42:41,353 [INFO] [MainThread] [root/bar_helper.py:594]: AppBarManager need to re-register 1 bar
2026-08-19 11:42:41,366 [INFO] [MainThread] [root/bar_helper.py:603]: Re-registered AppBar for primary-bar_DISPLAY1_7c886c80 (space reservation + fullscreen)
2026-08-19 11:47:06,127 [INFO] [MainThread] [root/bar_helper.py:594]: AppBarManager need to re-register 1 bar
2026-08-19 11:47:06,134 [INFO] [MainThread] [root/bar_helper.py:603]: Re-registered AppBar for primary-bar_DISPLAY1_7c886c80 (space reservation + fullscreen)
2026-08-19 11:47:26,608 [INFO] [MainThread] [root/bar_helper.py:594]: AppBarManager need to re-register 1 bar
2026-08-19 11:47:26,616 [INFO] [MainThread] [root/bar_helper.py:603]: Re-registered AppBar for primary-bar_DISPLAY1_7c886c80 (space reservation + fullscreen)
2026-08-19 11:50:11,921 [INFO] [MainThread] [root/bar_helper.py:594]: AppBarManager need to re-register 1 bar
2026-08-19 11:50:11,929 [INFO] [MainThread] [root/bar_helper.py:603]: Re-registered AppBar for primary-bar_DISPLAY1_7c886c80 (space reservation + fullscreen)
2026-08-19 11:50:15,784 [INFO] [MainThread] [root/bar_manager.py:119]: Stopping SystemEventListener...
2026-08-19 11:50:15,791 [INFO] [MainThread] [root/bar_manager.py:119]: Stopping KomorebiEventListener...
2026-08-19 11:50:15,793 [INFO] [MainThread] [taskbar_window_manager/window_manager.py:205]: TaskbarWindowManager stopped
2026-08-19 12:03:12,954 [INFO] [MainThread] [root/log.py:104]: YASB v2.0.6
2026-08-19 12:03:12,956 [INFO] [CLIPipeServer] [cli_server/cli_server.py:216]: CLI server started v1.1.7
2026-08-19 12:03:12,957 [INFO] [MainThread] [cli_server/cli_server.py:106]: Log pipe server started
2026-08-19 12:03:13,400 [INFO] [MainThread] [root/service.py:52]: AudioOutputService starting...
2026-08-19 12:03:14,435 [INFO] [MainThread] [taskbar_window_manager/window_manager.py:178]: TaskbarWindowManager is starting...
2026-08-19 12:03:14,444 [INFO] [MainThread] [root/bar_manager.py:103]: Starting SystemEventListener...
2026-08-19 12:03:14,444 [INFO] [MainThread] [root/bar_manager.py:103]: Starting KomorebiEventListener...
2026-08-19 12:03:14,446 [INFO] [Dummy-5] [root/event_listener.py:54]: Created named pipe yasb-db28d6ea-9b97-11f1-a966-9c2f9d779590
2026-08-19 12:03:14,446 [INFO] [MainThread] [root/watcher.py:65]: Watching directory: c:\users\admin\.config\yasb
2026-08-19 12:03:14,447 [INFO] [MainThread] [root/watcher.py:104]: Created file watcher
2026-08-19 12:03:14,488 [INFO] [MainThread] [root/update_service.py:434]: Background update checker started
2026-08-19 12:03:14,582 [ERROR] [MainThread] [root/api.py:84]: No internet connection or host not found. Unable to fetch weather.
2026-08-19 12:03:14,582 [WARNING] [MainThread] [root/weather.py:565]: Error processing weather data: Weather data is empty.. Retrying fetch in 10 seconds.
2026-08-19 12:03:14,611 [WARNING] [Dummy-5] [root/event_listener.py:134]: Komorebi failed to subscribe named pipe. Komorebi is not running, please start Komorebi.
2026-08-19 12:03:24,580 [ERROR] [MainThread] [root/api.py:84]: No internet connection or host not found. Unable to fetch weather.
2026-08-19 12:03:24,580 [WARNING] [MainThread] [root/weather.py:565]: Error processing weather data: Weather data is empty.. Retrying fetch in 10 seconds.
2026-08-19 12:03:34,578 [ERROR] [MainThread] [root/api.py:84]: No internet connection or host not found. Unable to fetch weather.
2026-08-19 12:03:34,578 [WARNING] [MainThread] [root/weather.py:565]: Error processing weather data: Weather data is empty.. Retrying fetch in 10 seconds.
2026-08-19 12:03:44,579 [ERROR] [MainThread] [root/api.py:84]: No internet connection or host not found. Unable to fetch weather.
2026-08-19 12:03:44,579 [WARNING] [MainThread] [root/weather.py:565]: Error processing weather data: Weather data is empty.. Retrying fetch in 10 seconds.
2026-08-19 12:03:54,579 [ERROR] [MainThread] [root/api.py:84]: No internet connection or host not found. Unable to fetch weather.
2026-08-19 12:03:54,580 [WARNING] [MainThread] [root/weather.py:565]: Error processing weather data: Weather data is empty.. Retrying fetch in 10 seconds.
2026-08-19 12:04:04,575 [ERROR] [MainThread] [root/api.py:84]: No internet connection or host not found. Unable to fetch weather.
2026-08-19 12:04:04,575 [WARNING] [MainThread] [root/weather.py:565]: Error processing weather data: Weather data is empty.. Retrying fetch in 10 seconds.
2026-08-19 12:04:14,591 [ERROR] [MainThread] [root/api.py:84]: No internet connection or host not found. Unable to fetch weather.
2026-08-19 12:04:14,592 [WARNING] [MainThread] [root/weather.py:565]: Error processing weather data: Weather data is empty.. Retrying fetch in 10 seconds.
2026-08-19 12:04:22,244 [INFO] [MainThread] [root/controller.py:43]: Exiting Application...
2026-08-19 12:04:22,346 [INFO] [MainThread] [cli_server/cli_server.py:114]: Log pipe server stopped
2026-08-19 12:04:22,381 [INFO] [MainThread] [root/bar_manager.py:119]: Stopping SystemEventListener...
2026-08-19 12:04:22,384 [INFO] [MainThread] [root/bar_manager.py:119]: Stopping KomorebiEventListener...
2026-08-19 12:04:22,387 [INFO] [MainThread] [taskbar_window_manager/window_manager.py:205]: TaskbarWindowManager stopped
2026-08-19 12:04:53,180 [INFO] [MainThread] [root/log.py:104]: YASB v2.0.6
2026-08-19 12:04:53,181 [INFO] [CLIPipeServer] [cli_server/cli_server.py:216]: CLI server started v1.1.7
2026-08-19 12:04:53,181 [INFO] [MainThread] [cli_server/cli_server.py:106]: Log pipe server started
2026-08-19 12:04:53,507 [INFO] [MainThread] [root/service.py:52]: AudioOutputService starting...
2026-08-19 12:04:53,824 [INFO] [MainThread] [taskbar_window_manager/window_manager.py:178]: TaskbarWindowManager is starting...
2026-08-19 12:04:53,828 [INFO] [MainThread] [root/bar_manager.py:103]: Starting KomorebiEventListener...
2026-08-19 12:04:53,828 [INFO] [MainThread] [root/bar_manager.py:103]: Starting SystemEventListener...
2026-08-19 12:04:53,829 [INFO] [MainThread] [root/watcher.py:65]: Watching directory: c:\users\admin\.config\yasb
2026-08-19 12:04:53,829 [INFO] [MainThread] [root/watcher.py:104]: Created file watcher
2026-08-19 12:04:53,829 [INFO] [Dummy-6] [root/event_listener.py:54]: Created named pipe yasb-1665935c-9b98-11f1-8d14-9c2f9d779590
2026-08-19 12:04:53,853 [INFO] [MainThread] [root/update_service.py:434]: Background update checker started
2026-08-19 12:04:53,931 [WARNING] [Dummy-6] [root/event_listener.py:134]: Komorebi failed to subscribe named pipe. Komorebi is not running, please start Komorebi.
2026-08-19 12:04:54,356 [INFO] [MainThread] [root/api.py:69]: Fetching new weather data at 2026-08-19 12:04:54.356199
2026-08-19 12:24:53,906 [INFO] [MainThread] [root/api.py:69]: Fetching new weather data at 2026-08-19 12:24:53.905988
2026-08-19 12:44:53,703 [INFO] [MainThread] [root/api.py:69]: Fetching new weather data at 2026-08-19 12:44:53.702077
2026-08-19 13:04:53,685 [INFO] [MainThread] [root/api.py:69]: Fetching new weather data at 2026-08-19 13:04:53.683402
2026-08-19 13:24:53,754 [INFO] [MainThread] [root/api.py:69]: Fetching new weather data at 2026-08-19 13:24:53.751226
2026-08-19 13:44:53,582 [INFO] [MainThread] [root/api.py:69]: Fetching new weather data at 2026-08-19 13:44:53.582231
2026-08-19 14:04:53,539 [INFO] [MainThread] [root/api.py:69]: Fetching new weather data at 2026-08-19 14:04:53.539937
2026-08-19 14:24:53,754 [INFO] [MainThread] [root/api.py:69]: Fetching new weather data at 2026-08-19 14:24:53.754624
2026-08-19 14:44:53,851 [INFO] [MainThread] [root/api.py:69]: Fetching new weather data at 2026-08-19 14:44:53.851268
2026-08-19 15:04:53,776 [INFO] [MainThread] [root/api.py:69]: Fetching new weather data at 2026-08-19 15:04:53.776645
2026-08-19 15:24:53,747 [INFO] [MainThread] [root/api.py:69]: Fetching new weather data at 2026-08-19 15:24:53.747331
2026-08-19 15:44:53,853 [INFO] [MainThread] [root/api.py:69]: Fetching new weather data at 2026-08-19 15:44:53.853916
2026-08-19 16:04:53,817 [INFO] [MainThread] [root/api.py:69]: Fetching new weather data at 2026-08-19 16:04:53.817054
2026-08-19 16:17:34,372 [INFO] [Dummy-6] [root/event_listener.py:147]: Komorebi connected to named pipe: yasb-1665935c-9b98-11f1-8d14-9c2f9d779590
2026-08-19 16:24:53,765 [INFO] [MainThread] [root/api.py:69]: Fetching new weather data at 2026-08-19 16:24:53.765649
2026-08-19 16:28:40,604 [WARNING] [Dummy-6] [root/event_listener.py:95]: Pipe has been ended: (109, 'PeekNamedPipe', 'The pipe has been ended.')
2026-08-19 16:28:40,605 [INFO] [Dummy-6] [root/event_listener.py:107]: Attempting to reconnect to Komorebi...
2026-08-19 16:28:43,625 [INFO] [Dummy-6] [root/event_listener.py:54]: Created named pipe yasb-1665935c-9b98-11f1-8d14-9c2f9d779590
2026-08-19 16:28:43,693 [WARNING] [Dummy-6] [root/event_listener.py:134]: Komorebi failed to subscribe named pipe. Komorebi is not running, please start Komorebi.
2026-08-19 16:30:04,875 [INFO] [Dummy-6] [root/event_listener.py:147]: Komorebi connected to named pipe: yasb-1665935c-9b98-11f1-8d14-9c2f9d779590
2026-08-19 16:35:26,649 [WARNING] [Dummy-6] [root/event_listener.py:95]: Pipe has been ended: (109, 'PeekNamedPipe', 'The pipe has been ended.')
2026-08-19 16:35:26,650 [INFO] [Dummy-6] [root/event_listener.py:107]: Attempting to reconnect to Komorebi...
2026-08-19 16:35:29,660 [INFO] [Dummy-6] [root/event_listener.py:54]: Created named pipe yasb-1665935c-9b98-11f1-8d14-9c2f9d779590
2026-08-19 16:35:29,723 [WARNING] [Dummy-6] [root/event_listener.py:134]: Komorebi failed to subscribe named pipe. Komorebi is not running, please start Komorebi.
2026-08-19 16:38:22,221 [INFO] [Dummy-6] [root/event_listener.py:147]: Komorebi connected to named pipe: yasb-1665935c-9b98-11f1-8d14-9c2f9d779590
2026-08-19 16:44:53,837 [INFO] [MainThread] [root/api.py:69]: Fetching new weather data at 2026-08-19 16:44:53.837823
2026-08-19 16:56:56,456 [INFO] [MainThread] [root/controller.py:43]: Exiting Application...
2026-08-19 16:56:56,559 [INFO] [MainThread] [cli_server/cli_server.py:114]: Log pipe server stopped
2026-08-19 16:56:56,624 [INFO] [MainThread] [root/bar_manager.py:119]: Stopping KomorebiEventListener...
2026-08-19 16:56:56,627 [INFO] [MainThread] [root/bar_manager.py:119]: Stopping SystemEventListener...
2026-08-19 16:56:56,632 [INFO] [MainThread] [taskbar_window_manager/window_manager.py:205]: TaskbarWindowManager stopped
2026-08-20 08:02:04,995 [INFO] [MainThread] [root/log.py:104]: YASB v2.0.6
2026-08-20 08:02:04,996 [INFO] [CLIPipeServer] [cli_server/cli_server.py:216]: CLI server started v1.1.7
2026-08-20 08:02:04,997 [INFO] [MainThread] [cli_server/cli_server.py:106]: Log pipe server started
2026-08-20 08:02:05,320 [INFO] [MainThread] [root/service.py:52]: AudioOutputService starting...
2026-08-20 08:02:05,637 [INFO] [MainThread] [taskbar_window_manager/window_manager.py:178]: TaskbarWindowManager is starting...
2026-08-20 08:02:05,641 [INFO] [MainThread] [root/bar_manager.py:103]: Starting SystemEventListener...
2026-08-20 08:02:05,641 [INFO] [MainThread] [root/bar_manager.py:103]: Starting KomorebiEventListener...
2026-08-20 08:02:05,642 [INFO] [MainThread] [root/watcher.py:65]: Watching directory: c:\users\admin\.config\yasb
2026-08-20 08:02:05,642 [INFO] [MainThread] [root/watcher.py:104]: Created file watcher
2026-08-20 08:02:05,643 [INFO] [Dummy-6] [root/event_listener.py:54]: Created named pipe yasb-557e7311-9c3f-11f1-8d75-9c2f9d779590
2026-08-20 08:02:05,670 [INFO] [MainThread] [root/update_service.py:434]: Background update checker started
2026-08-20 08:02:05,747 [WARNING] [Dummy-6] [root/event_listener.py:134]: Komorebi failed to subscribe named pipe. Komorebi is not running, please start Komorebi.
2026-08-20 08:02:06,782 [INFO] [MainThread] [root/api.py:69]: Fetching new weather data at 2026-08-20 08:02:06.782532
2026-08-20 08:05:38,854 [INFO] [Dummy-6] [root/event_listener.py:147]: Komorebi connected to named pipe: yasb-557e7311-9c3f-11f1-8d75-9c2f9d779590
2026-08-20 08:22:05,383 [INFO] [MainThread] [root/api.py:69]: Fetching new weather data at 2026-08-20 08:22:05.382605
2026-08-20 08:29:14,050 [WARNING] [Dummy-6] [root/event_listener.py:95]: Pipe has been ended: (109, 'PeekNamedPipe', 'The pipe has been ended.')
2026-08-20 08:29:14,051 [INFO] [Dummy-6] [root/event_listener.py:107]: Attempting to reconnect to Komorebi...
2026-08-20 08:29:17,067 [INFO] [Dummy-6] [root/event_listener.py:54]: Created named pipe yasb-557e7311-9c3f-11f1-8d75-9c2f9d779590
2026-08-20 08:29:17,135 [WARNING] [Dummy-6] [root/event_listener.py:134]: Komorebi failed to subscribe named pipe. Komorebi is not running, please start Komorebi.
2026-08-20 08:29:57,422 [INFO] [MainThread] [root/bar_manager.py:119]: Stopping SystemEventListener...
2026-08-20 08:29:57,425 [INFO] [MainThread] [root/bar_manager.py:119]: Stopping KomorebiEventListener...
2026-08-20 08:29:57,427 [INFO] [MainThread] [taskbar_window_manager/window_manager.py:205]: TaskbarWindowManager stopped
2026-08-20 08:29:57,477 [ERROR] [MainThread] [qasync._QEventLoop/__init__.py:770]: Exception in callback Task.task_wakeup()
handle: <Handle Task.task_wakeup()>
Traceback (most recent call last):
  File "C:\hostedtoolcache\windows\Python\3.14.6\x64\Lib\asyncio\events.py", line 94, in _run
RuntimeError: loop <QIOCPEventLoop running=False closed=False debug=False> is not the running loop
2026-08-20 08:29:57,481 [ERROR] [MainThread] [root/main.py:205]: Exception during application startup
Traceback (most recent call last):
  File "main.py", line 203, in <module>
  File "main.py", line 100, in main
  File "D:\a\yasb\yasb\venv\Lib\site-packages\qasync\__init__.py", line 435, in run_until_complete
RuntimeError: Event loop stopped before Future completed.
